0,1,2,3,4,5,6,7,8,9,10,11,12,13,14,15,16,17,18,19,20,21,22,23,24,25,26,27,28,29,30,31,32,33,34,35,36,37,38,39,40,41,42,43,44,45,46,47,48,49,50,51,52,53,54,55,56,57,58,59,60,61,62,63
201201,0,10210982.58,0,2263557.16,1179904.74,750036.99,1513980.78,0,7473534.87,-153949.47,386024.28,10669.03,0,0,0,2263557.16,1179904.74,750036.99,1513980.78,650712.05,0,0,5892160.14,6342452.67,4940.4,0,362128.64,7473534.87,-153949.47,386024.28,10669.03,0,4185916.13,4836628.18,0,0,48317485.47,14876723.3,27751927.62,2884066.06,0,-2450226.82,0,0,0,0,0,0,0,765738.31,0,0,0,0,0,0,0,0,0,-1180246334,0,0,13123799.32
201202,0,6410812.17,0,1523159.32,307196.03,847334.97,1625461.8,0,603031.73,-385666.14,648920.14,107675.57,0,0,0,1523159.32,307196.03,847334.97,1625461.8,4598409.63,0,0,2329146.44,4728160.21,281.27,0,588951.57,603031.73,-385666.14,648920.14,107675.57,0,12115226.04,16713635.67,0,0,43634042.47,9870133.06,28866081.77,2009262.13,0,-2912554.61,0,0,0,0,0,0,0,658128.57,0,0,0,0,0,0,0,0,0,-495981234,0,0,9235139.26
201203,0,14489122.06,-34.49,1531396.94,440819.6,983774.74,1575444.9,0.02,3581623.29,-130595.43,743283.93,106000.77,0,0,0,1531396.94,440819.6,983774.74,1575444.9,4659085.06,0.02,0,2043474.4,6602915.35,57928.25,0.02,973143.14,3581623.29,-1330595.43,743283.93,106000.77,0,11381948.73,16041033.79,0,0,45344650.17,10095219.16,31652340.28,713862.01,0,-3615882.22,-34.49,0,-1200000,0,0,0,0.02,657363.42,0,0,0,0,0,0,0,0,0,109481247.6,0,0,33173404.03
201204,0,8037107.72,0,1601067.31,-33787.06,1371353.3,1535542.88,0,341085.52,-25663.61,741158.12,247979.83,0,0,0,1601067.31,-33787.06,1371353.3,1535542.88,6017154.2,0,0,676675.48,2583526,200000,0,4503252.77,341085.52,-67897.61,741158.12,247979.83,-651797.7,23300876.23,29318030.43,0,0,51891011.53,16362715.28,32204265.62,430551.09,0,-2921786.59,0,0,-42234,-651797.7,0,0,0,670746.63,0,0,0,0,0,0,0,0,0,98901159.12,0,0,3494835.88
201205,0,19734174.18,0,2967996.35,-121469.73,2410847.13,2147342.42,0,471595.8,73385.1,628574.35,59784.88,0,0,0,2967996.35,-121469.73,2410847.13,2147342.42,49902310.16,0,0,3547865.84,19713294.1,389989.13,0,1090815.22,471595.8,73385.1,628574.35,59784.88,-651797.7,24916991.13,74819301.29,0,0,63705994.12,19841118.22,42242244.97,911849.97,0,-2693726.62,0,0,0,-651797.7,0,0,0,709545.4,0,432.08,0,0,0,0,0,0,0,119677466,0,0,12966774
201206,0,20763185.47,0,5276631.72,1539416.66,1249971.81,4275171.73,-0.04,564600.28,255973.51,352365.16,270424.82,0,0,0,5276631.72,1539416.66,1249971.81,4275171.73,7127934.69,-0.04,0,17931596.98,23311258.76,0,-0.04,4343192.19,564600.28,255973.51,352365.16,270424.82,0,10960430.41,18088365.1,0,0,65894667.13,29289714.78,35349999.2,942666.15,0,-2513493.02,0,0,0,0,0,0,-0.04,896595.08,0,0,0,0,0,0,0,0,0,211219717.3,0,-1796816.81,40872877.08
201207,0,14401472.33,-1.55,3799242.38,-186378.86,2014575.16,4812749.76,0,366634.56,136462.16,166035,516777.74,0,0,0,3799242.38,-186378.86,2014575.16,4812749.76,5096017.08,0,0,2783129.79,13244026.4,4407.08,0,939627.9,366634.56,98847.85,166035,516777.74,0,10173702.36,15269719.44,0,0,42657657.26,18381300.98,23153037.75,770572.34,0,-3351605.84,-1.55,0,-37614.31,0,0,0,0,1032371.18,0,6120,0,0,0,0,0,0,0,64522301.33,0,0,16323787.95
201208,0,15372484.33,-41750,5067672.43,11717.05,2634585.09,5541635.13,0,95340.1,-145820.51,300416.51,71807.78,0,0,0,5067672.43,11717.05,2634585.09,5541635.13,141322554.9,0,0,2437106.95,9297765.49,112045.82,0,1401374.38,95340.1,-145820.51,300416.51,71807.78,0,34685004.03,176007559,0,0,42385883.94,19345917.85,21919023.8,773500.74,0,-2275486.21,-41750,0,0,0,0,0,0,972211.6,0,774,0,0,0,0,0,0,0,-604589432.3,0,0,13618103.26
201209,0,13685420.88,-78.03,4200875.3,-304772.62,3121806.07,5673754.33,0,122280.34,-44789.04,283087.44,69721.54,0,0,0,4200875.3,-304772.62,3121806.07,5673754.33,10560926.48,0,0,19151061.54,24421934.13,95108.52,0,930920.41,122280.34,-113356.04,283087.44,69721.54,0,51418705.84,61979632.32,0,0,65821222.02,29411636.86,35537849.01,632982.27,0,-2145557.91,-78.03,0,-68567,0,0,0,0,946718.95,0,-774,0,0,0,0,0,0,0,184719616.1,0,-1796816.81,43913981.79
201210,0,30491535.07,-8.45,5693136.1,-616273.58,4017876.27,5330702.2,0,298314.31,181933.99,96281.75,263346.41,0,0,0,5693136.1,-616273.58,4017876.27,5330702.2,6062190.06,0,0,1140480.64,8946024.51,0,0,981241,298314.31,181933.99,96281.75,263346.41,0,17083040.89,23145230.95,0,0,64566377.67,38998137.99,24680406.08,557453.58,0,-2085754.87,-8.45,0,0,0,0,0,0,993067.43,0,0,0,0,0,0,0,0,0,-709799039.4,0,-1796816.81,13442534.13
201211,0,21229461.31,-319.88,5507083.9,958859.18,3248063.6,6653617.01,0,225908.99,-136703.78,157171.12,331496.31,0,0,0,5507083.9,958859.18,3248063.6,6653617.01,6891367.27,0,0,9460258.2,10991357.13,287431.97,0,878285.45,225908.99,-136703.78,157171.12,331496.31,0,13605294.88,20496662.15,0,0,86466407.26,36802450.81,48164676.46,568899.97,0,-2953824.39,-319.88,0,0,0,0,0,0,700667.84,0,0,0,0,0,0,0,0,0,-1567175965,0,-1796816.81,23473574.11
201212,0,27369827.72,-23.23,4353107.3,-516224.94,3854732.54,5877283.77,0,213456.68,134079.79,23286.58,53517.95,0,0,0,4353107.3,-516224.94,3854732.54,5877283.77,1421898.1,0,0,17984170.11,61394023.19,0,0,1671054.44,213456.68,134079.79,23286.58,53517.95,0,13281525.48,14703423.58,0,0,92082291.54,34026491.06,56673735.55,730113.28,0,-2947971.08,-23.23,0,0,0,0,0,0,1289288.54,0,0,0,0,0,0,0,0,0,-782003352.6,0,-1791547.05,80320301.51
201301,0,16535261.24,0,6127703.49,-52620.34,3830384.42,7793360.2,4247457.76,118888,2472,62157.95,6096,5720673.62,12477544.82,0,6127703.49,-52620.34,3830384.42,7793360.2,7701888.7,4247457.76,0,4881795.6,3143799.74,92698.2,24026758.48,680116.8,118888,2472,62157.95,6096,11130019.97,51734000.63,59435889.33,19766882.57,981219.59,69013114.61,31584218.77,35924961.4,767928.19,2630768.28,-2896915.2,0,0,0,5409346.35,7289337.75,0,3266238.17,4684389.58,0,0,-8261.83,0,0,553802.68,1234205.199,8246544.43,1218436.38,282289793.8,76686.14,6283533.81,9612974.61
201302,0,9653565.35,0,6687146.41,585348.75,3245035.67,10077504.15,9773453.9,363305.02,-17088.95,83728.9,7811.02,2350108.39,4343211.49,0,6687146.41,585348.75,3245035.67,10077504.15,7885065.93,9773453.9,0,898715.73,4154293.48,300,16737475.7,871458.66,363305.02,-17088.95,83728.9,7811.02,10166541.97,9269745.34,17154811.27,6705812.41,669418.49,85775875.35,32185669.48,52129620.49,752403.64,2376229.33,-3237941.21,0,0,0,7816433.58,2362600.92,0,9104035.41,4185564.94,0,0,-6974.02,465783.26,0,618793.31,782194.6307,8246544.43,1218436.38,412061873.1,76686.14,6902327.12,7489637.06
201303,0,19456029.2,0,5633098.59,-665540.33,3910576,11644166.34,5388961.69,221462,21756.18,62260.82,187420.95,4290385.15,11938161.71,0,5633098.59,-665540.33,3910576,11644166.34,24073149.59,5388961.69,0,16427747.73,41567080.69,69073.69,24831260.09,1200810,221462,21756.18,62260.82,187420.95,9878824.34,31408110.38,55481259.97,19411272.14,515517.13,98304223.38,40049586.98,56995474.81,547079.85,3794890.66,-3470828.79,0,0,0,5588439.19,7473110.43,0,4873444.56,4756005.64,0,-50267.58,-19586.81,146115.95,0,-356497.83,921647.6682,9307642.37,1355859,178720919.3,51305.6,4737607.24,62250720.54
201304,0,18087054.56,0,6079328.51,-1539966.94,5450542.94,10590199.19,9664893.41,40989.13,-18963.87,77472.58,211465.07,9997095.21,7967600.3,0,6079328.51,-1539966.94,5450542.94,10590199.19,3693795.39,9664893.41,0,4181778.11,10881652.37,640772.32,26431400.95,1222396.1,40989.13,-18963.87,77472.58,211465.07,16563746.42,18108966.46,21802761.85,16662682.14,2807469.37,59435927.37,27362291.16,30950075.69,480372.11,4487570.62,-1105722.7,0,0,0,6566651.2,8695081.84,0,6857424.04,4681836.73,0,0,-5354.15,1030838.54,0,-287474.92,894802.386,9307642.37,1355859,218034844,51305.6,4450132.32,7158678.85
201305,0,25694088.39,0,11867391.08,727017.34,4723525.6,11588809.35,9762581.24,32412.49,-28994.52,91103.1,49978.34,7762175.13,11876760.39,0,11867391.08,727017.34,4723525.6,11588809.35,15720904.65,9762581.24,0,13770168.44,22993222.28,0,28851428.28,1758031.8,32412.49,-28994.52,91103.1,49978.34,16789098.82,16166779.69,31887684.34,18444102.02,1287032.22,80389941.17,42562507.74,34778833.64,2990401.42,4409803.34,-3584567.79,0,0,0,9026923.68,6567341.63,0,8475549.02,5343738.59,0,0,-15820.39,801656.02,0,-267236.49,1308415.125,9307642.37,1355859,297612658.1,46404.6,4182895.83,35927533.9
201306,0,31402595.42,0,6670639.69,318404.5,4405121.1,11765746.62,10265304.79,293642.03,-184272.57,173897.7,155565.57,10424685.32,19343736.58,0,6670639.69,318404.5,4405121.1,11765746.62,10934410.3,10265304.79,0,31429529.52,18346272.23,0,38137631.61,1418781.04,293642.03,-184272.57,173897.7,155565.57,17852379.39,38909045.45,49843455.75,27735953.57,1585930.88,82813554,44997604.07,33010723.18,4691413.42,4272962.25,-2822081.94,0,0,0,7427694.07,8392216.99,0,8679373.91,4460024.68,0,35838.73,-10864.37,19315.49,0,-2178883.44,1003055.788,9346599.81,1241254,1364634939,57356.29,5625816.97,50931868.52
201307,0,23410447.15,0,7304790.96,1241227.39,3163893.71,11694419.78,8757124.24,325664.77,172928.04,61974.1,65038,3529516.76,6730873.15,0,7304790.96,1241227.39,3163893.71,11694419.78,7654862.83,8757124.24,0,14758175.81,16840382.98,55614.96,25822629.84,1549819.21,325664.77,172928.04,61974.1,65038,12268736.21,17453596.24,25108459.07,17009977.72,514908.07,80063648.6,32094080.94,45719999.32,1868155.01,2847856.32,-2691838.53,0,0,0,8739219.45,10279104.57,0,8242216.17,5297118.71,0,27424.77,-11102.66,142,0,134827.58,965434.9402,9346599.81,1241254,172616111.2,84781.06,3885979.62,33769229.92
201308,0,19448049.23,0,5681119.24,-483118.69,3647012.4,10268158.91,7005684.69,216368.2,-114448.09,63294.1,25452.06,4006928.28,5861758.12,0,5681119.24,-483118.69,3647012.4,10268158.91,13138514.42,7005684.69,0,9611856.88,24037091.08,608160,24412207.68,1550065.72,216368.2,-114448.09,63294.1,25452.06,13966484.52,33311324.22,46449838.64,17381308.65,352325.52,76109543.82,29670284.42,43778372.85,1994528.18,2818750.28,-2745195.13,0,0,0,9959556.24,11519550.53,0,6653359.17,5295047.93,0,0,-15833.85,1320.43,0,147406.87,1803083.844,9346599.81,1241254,178143941.2,84781.06,4033386.49,35734800.48
201309,0,17151902.12,736.78,6506122.75,1268538.98,2378473.42,9257439.03,9714543.81,205220.14,5479.25,130553.9,124503.98,4919729.48,7092778.77,0,6506122.75,1268538.98,2378473.42,9257439.03,11243439.49,9714543.81,0,13489347.92,22243820.44,0,28043954.22,3540366.08,205220.14,5479.25,130553.9,124503.98,13925585.21,9999491,21242930.49,18281635.46,1503926.6,68502764.57,26537162.03,40169163.72,1716100.26,2487693.06,-3043615.03,736.78,0,0,9005855.74,11188856.69,0,8210617.21,5281406.19,0,-54394.92,-9526.91,-89211.9,0,-75631.06,1160897.98,8862525.5,1419963,169033018.3,30386.14,3957755.43,41302886.57
201310,0,21437519.71,662.8,5714600.74,-700935.16,3079408.58,9663384.71,6878786.5,185113.38,202809.96,78645.9,11805.28,4616141.65,4245525.57,0,5714600.74,-700935.16,3079408.58,9663384.71,13100981.18,6878786.5,0,4419280.59,16374188.84,36824.36,23169172.96,1112813.51,185113.38,202809.96,78645.9,11805.28,14705432.88,19196858.73,32297839.91,16254771.07,859173.8,72342175.62,28408951.3,41332089.62,2545701.87,3907532.8,-2456935.52,662.8,0,0,10089291.22,12009245.5,0,6019612.7,5335193.59,0,0,-10748.46,4821.68,0,344661.28,1007314.559,8862525.5,1419963,197865654.2,30386.14,4302416.71,21525632.63
201311,0,20609289.64,0,4731028.5,-758147.56,3837556.14,10367740.02,10140571.35,92981.78,-6979.74,85497.9,48419.32,4535296.44,6324204.73,0,4731028.5,-758147.56,3837556.14,10367740.02,15291066.06,10140571.35,0,4013948.89,9664550.43,0,24430082.39,5181149.04,92981.78,-6979.74,85497.9,48419.32,11837800.69,12030228.15,27321294.21,14272558.66,1301238.46,84324136.22,33159857.45,48726247.6,2419422.7,3938983.68,-2885058.73,0,0,0,7302504.25,7948353.93,0,8839332.89,5369328.73,0,0,-14836.41,-11216.65,0,2648491.97,1044542.56,8862525.5,1419963,225244205.3,30386.14,6950908.68,13887864.54
201312,21406462.78,29224615.6,0,5031165.65,-2400328.76,6237884.9,10130393.09,-12233157.01,135826.3,-15702.48,85497.9,74153.37,8473752.72,23091868.68,16242941.03,5031165.65,-2400328.76,6237884.9,10130393.09,5698971.93,-12233157.01,0,24634300.06,49366219.12,300000,31383517.52,957429.53,135826.3,-15702.48,85497.9,74153.37,23202757.59,21984586,27683557.92,44150399.88,1062522.08,99936066.7,40864011.97,56447812.42,2602398.64,4857683.24,-3725308.72,0,0,0,14729004.87,21058531.2,5163521.75,-13295679.09,4938637.34,0,24355.29,-13383.92,-18699.61,0,-1762811.08,1869258.987,9125035.92,1593141,225256244.8,74290.73,4850584.57,71394375.83
201401,30570218.22,10653746.68,8231.86,7931704,1962542.33,4275342.57,12112239.23,3128990.04,460909.87,35264.42,75657.9,347302.23,1077619.21,1417892.65,22133146,7931704,1962542.33,4275342.57,12112239.23,17954056.44,3128990.04,0,10222807.77,14803784.9,3235.2,5577729.83,966795.19,460909.87,35264.42,75657.9,347302.23,2370622.14,30411585.92,48365642.36,2473638.34,545621.14,103476570.3,40915271.19,61261340.36,2975822.73,6780720.4,-3429368.26,8231.86,0,0,1293002.93,1055745.69,8437072.22,2583368.9,5791975.48,3781363.96,1167784.877,26123.22,-548.31,0,8024775.604,979431.2004,9125035.92,1593141,247897291.3,74290.73,5819653.21,28310228.39
201402,36549362.68,20359858.5,-127.9,7058305.29,640173.88,3635168.69,13310109.45,6372360.83,123701.1,-75866.28,75657.9,301680.74,996599.28,1811814.03,27938800.82,7058305.29,640173.88,3635168.69,13310109.45,5845518.79,6372552.23,191.4,2911261.64,16013417.74,0,12365216.92,655640.37,123701.1,-75866.28,75657.9,301680.74,2471621.97,16911122.85,22756641.65,5894287.56,365149.06,88794850.57,35077722.86,51179562.7,2964987.77,3717679.62,-2965512.26,-127.9,191.4,0,1475022.69,4082473.53,8610561.85,6007211.77,5155401.37,3232590.53,1207527.113,23960.15,378.26,0,3179005.615,943954.5379,9125035.92,1593141,266582357,74290.73,5578165.01,18714640.53
201403,38256826.66,17619874.26,-16.37,5431359.1,949353.99,2685814.7,12360115.85,7581307.05,633545.92,-127148.19,105353.13,616102.32,4492511.66,14389961.9,27838696.33,5431359.1,949353.99,2685814.7,12360115.85,-1446037.58,7581307.05,0,10240506.22,15794852.32,23106.61,25688610.9,1091917.29,633545.92,-127148.19,105353.13,616102.32,7245829.49,23811137.34,22365099.76,18060048.83,931476.34,77297231.44,34187844.04,41202276.27,3190646.39,3993841.69,-3653590.09,-16.37,0,0,2753317.83,3670086.93,10418130.33,6649830.71,5555220.38,3576952.66,1579780.208,26969.99,79456.53,-952556.04,3690610.471,1504945.796,10102021.76,2532180,271466194.5,104919.7,4354183.6,15959218.71
201404,39077532.7,11933700.14,628.94,4796019.8,-365603.64,3051418.34,11897988.36,14847255.2,306076.03,205551.47,79091.4,262866.78,1650187.3,6710453.57,30074630.83,4796019.8,-365603.64,3051418.34,11897988.36,21683879.87,14847255.2,0,7740707.67,19230871.57,0,24691333.92,4571853.34,306076.03,205551.47,79091.4,262866.78,7391171.96,9839161.65,31523041.52,9784241.27,1165185.39,77468699.91,35908401.44,40769804.01,1482082.91,3697164.94,-3857322.5,628.94,0,0,5740984.66,3073787.7,9002901.87,13682069.81,5464473.12,3672320.34,1483885.463,31889.82711,-6128.96,-17943,3942767.22,1049286.753,10102021.76,2532180,252464343.2,104919.7,4984762.53,15613355.16
201405,44835101.09,16838031.82,5166.58,5508383.74,-149131.03,3200549.37,11142981.38,7892870.1,293384.24,-201172.47,233417.23,100964,3954842.73,13287150.93,31046542.22,5508383.74,-149131.03,3200549.37,11142981.38,16055968.77,7892870.1,0,19581081.86,33555570.93,0,20076139.81,1723122.39,293384.24,-201172.47,233417.23,100964,5533317.75,8353876.87,24409845.64,12058264.5,1156153.01,94267187.82,45356741.71,47743013.72,1835069.36,4050237.64,-3381158.53,5166.58,0,0,1578475.03,-1228886.43,13788558.87,6736717.09,5724871.57,4035885.02,1651600.292,46805.25,5650.41,0,5744949.628,1270785.454,10102021.76,2532180,212045254.7,104919.7,5580341.36,43437122.98
201406,36982837.97,24418791.73,16990.89,4647169.89,136247.05,3064302.32,11412508.54,26716884.16,511916.33,159772.56,109671.53,129829.05,8470975.53,29669528.65,27898311.44,4647169.89,136247.05,3064302.32,11412508.54,34446875.31,26986884.16,270000,6480006.37,24358378.74,-243648.52,69778495.53,1780476.45,511916.33,159772.56,109671.53,129829.05,18613858.33,53510718.38,87957593.69,43361829.67,3198450.7,66374522.48,31677134.4,33420248.63,1347580.62,5039149.88,-3078359.04,16990.89,270000,0,10142882.8,13692301.02,9084526.52,23518433.46,5519897.07,3860343.89,1429308.148,46144.28,-2076798.09,9790583.926,4407756.862,1156260.352,9665454.59,2314150,215132658.4,76178.18,5715563.29,49567626.74
201407,45634691.99,13241502.89,2680.89,6403403.09,584385.6,2479916.72,12364328.01,7794001.95,476649.53,6982.76,94576.06,108303.2,1753380.1,2367175.97,31273869.46,6403403.09,584385.6,2479916.72,12364328.01,970304.32,7794001.95,0,17267584.18,21496518.88,-98133.48,10538917.11,1919547.3,476649.53,6982.76,94576.06,108303.2,4425223.35,14724165.2,15694469.51,3292428.35,1235286.57,94505674.24,53741810.09,52074776.79,6814344.06,2691803.52,-3618384.39,2680.89,0,0,2671843.25,925252.38,14360822.53,6558715.38,5569142.441,3727036.171,1972619.065,40518.04,-454708.4,0,4216166.124,1110552.919,9665454.59,2314150,180634912.3,64928.18,5759340.66,17328427.03
201408,50726750.83,24100882.1,-214.53,5062023.37,-1195521.02,3675437.74,12200538.59,7583444.52,205532.05,-67346.47,93436.26,152718.94,2294189.83,5442441.63,33301499.54,5062023.37,-1195521.02,3675437.74,12200538.59,-600867.39,7583444.52,0,10828056.61,15864075.14,271759.92,15088313.06,1577855.21,205532.05,-67346.47,93436.26,152718.94,6707518.87,7410502.93,6809635.54,7500137.09,1461681.71,85477378.29,40706810.69,39736331.8,4699368.82,2468028.1,-4036331.41,-214.53,0,0,4413329.04,2057695.46,17425251.28,6121762.81,5551393.96,3783190.12,1814310.167,42629.75,5644.63,0,4870223.367,1123604.38,9665454.59,2314150,197097729.3,64928.18,5873729.88,29437155.5
201409,48542356.11,21422518.31,-137.49,7344846.16,1430681.37,2244756.37,14647885.02,15001193.83,183530.63,70290.66,118637.7,61984.86,7789478.87,16449259.62,30819057.28,7344846.16,1430681.37,2244756.37,14647885.02,12488527.43,18721193.83,3720000,10881605.39,20260207.62,3252.89,43110683.13,1972069.61,183530.63,70290.66,118637.7,61984.86,15783876.59,16086672.25,28575199.68,24328882.06,2195148.72,72440512.87,34620504.3,36060941.82,1753087.9,2646927.5,-3479060.18,-137.49,3720000,0,7994397.72,7879622.43,17723298.82,12806045.11,6024965.85,4273996,2049474.374,58846.75,-128182.19,596801,4475970.361,1755528.899,11469960.43,3363424,209617822.1,70099,6201870.18,31812213.61
201410,53348253.61,20618060.31,855.42,6954480.59,-99914.88,2344671.25,15949099.72,13964701.71,569025.96,39984.32,82862.1,70467.14,2312824.69,14268286.58,34625336.78,6954480.59,-99914.88,2344671.25,15949099.72,9725692.51,14244701.71,280000,19252175.18,25802926.82,0,38601625.42,1611004.14,569025.96,39984.32,82862.1,70467.14,10542279.04,13276310.8,23002003.31,24446589.76,1059781.71,94644393.85,44750149.73,48480070.68,1423560.16,2696857.82,-2788202.01,855.42,280000,0,8229454.35,10178303.18,18722916.83,12904920,6175209.893,4431996.693,2372306.664,54267.87,-62783.82,0,3472035.041,1636544.737,11469960.43,3363424,231331990.8,50025.7,5185642.46,45255764.01
201411,55510466.49,22723094.15,-399.49,6460531.48,-352548.11,2697219.36,15559255.35,11616884.66,115181.81,-157245.32,207095.66,28654.84,2447865.16,-273920.51,38401405.13,6460531.48,-352548.11,2697219.36,15559255.35,19826339.94,11616884.66,0,9819024.46,2345632.79,52098.96,12459927.75,2112172.92,115181.81,-157245.32,207095.66,28654.84,9017236.42,33772437.25,53598777.19,827778.74,941262.37,98962672.07,51109905.49,41553604.36,6275455.61,3100940.17,-4113825.97,-399.49,0,0,6569371.25,1101699.25,17109061.36,10675622.29,6596284.41,4534345.09,2652446.39,80975.06,94.15,0,6128280.834,2216596.142,11469960.43,3363424,337807586.2,50025.7,5357588.46,11139025.97
201412,38937374.4,22351272.66,21293.7,11520811.48,-1495613.56,4192832.92,14498844.14,17625655.52,533452.66,-378208.53,600610.19,25988.42,17709275.69,34500323.38,33821278.51,11520811.48,-1495613.56,4192832.92,14498844.14,25400188.62,19931440.92,2305785.4,35195171.09,40691573.37,3791.23,69886502.13,1893640.46,533452.66,-378208.53,600610.19,25988.42,31423213.6,100231238.2,125631426.8,50800261.83,1774459.95,125970339.2,56204475.94,63601656.1,6299752.47,4893211.11,-4562671.33,21293.7,2305785.4,0,13713937.91,16299938.45,5116095.89,15851195.57,11583718.66,7639225.37,4494821.343,10787.25,-872888.47,-5023336.988,8282711.69,3596595.277,12459785.73,3259736.26,360016945.7,281335.91,5682545.93,77726822.33
201501,46963849.87,14683012.08,159.66,8199880.07,1319341.08,2873491.84,14548443.79,8769581.87,307162.33,-11158.78,568716.53,964,1385615.31,2389391.25,40600497.37,8199880.07,1319341.08,2873491.84,14548443.79,7872113.75,8769581.87,0,24117540.21,17128055.57,0,13297513.77,1718941,307162.33,-11158.78,568716.53,964,4654009.04,12867007.14,20739120.89,4454522.34,231151.56,116020311,47166796.44,62174554.31,6793848.54,1763434.62,-3999501.24,159.66,0,0,3268393.72,2065131.09,6363352.5,8538430.31,6867431.29,4806956.74,1812256.62,34885.41,-4063.27,0,4070668.802,2468709.201,12459785.73,3259736.26,387481415.1,-600,5561779.44,44930754.98
201502,51702836.1,14486245.79,-89.22,8397287.2,512191.62,2361300.22,16498660.4,5197647.77,365779.97,123801.52,406079.34,48418.67,5017368.62,8095580.99,45406646.04,8397287.2,512191.62,2361300.22,16498660.4,8342661.29,5197647.77,0,4515202.14,8552837.78,612,17482513.5,6654141.31,365779.97,123801.52,406079.34,48418.67,8298162.25,12072529.29,20415190.58,11382945.37,387825.16,83806724.41,32210658.69,48426967.75,3266505.61,2845862.14,-3699772.81,-89.22,0,0,3280793.63,3287364.38,6296190.06,4809822.61,6578909.44,4402403.08,2166577.48,30719.87,-1.04,-53362.84,4564921.613,1776258.702,12459785.73,3259736.26,415310965.7,0,5833301.24,13019614.33
201503,50227716.93,15411608.96,4171.35,9697466.01,-537204.68,2898504.9,18227975.97,34395795.06,129822.3,-139967.6,570707.94,108543.92,12120277.15,19621667.99,42543286.99,9697466.01,-537204.68,2898504.9,18227975.97,42149844.32,34410537.06,14742,21166474.49,25164466.16,1390.02,55686490.04,1904947.79,129822.3,-139967.6,570707.94,108543.92,15485978.15,29665507.75,71815352.07,21627348.14,1882122.67,93172282.35,34094226.97,55909329.23,3196292.23,2986395.49,-4307571.35,4171.35,14742,0,3365701,2005680.15,7684429.94,32513672.39,7892509.64,5704494.4,2441185.844,25607.64,1309121.84,-678934.9371,8793778.043,1837563.603,18429555.44,4214948.17,461369267.6,11992.66,6348634.76,37829664.14
201504,57626479.3,20541018.6,2140.1,8612749.11,-430600.35,3329105.25,17921464.22,9740117.25,1268837.24,394450.76,146900.82,467818.25,4756485.28,13124221.59,47386306.66,8612749.11,-430600.35,3329105.25,17921464.22,13280247.5,9740117.25,0,10953913.06,41202297.84,1346.9,28440485.72,1816209.81,1268837.24,394450.76,146900.82,467818.25,8637913.2,13224016.18,26504263.68,18665734.23,754628.1,119299798,44613920.72,68048284.96,9262095.22,2030117.93,-4655856.81,2140.1,0,0,3881427.91,5541512.64,10240172.64,8985489.15,7559704.57,5325745.12,954369.8533,26879.59,-276935.4738,-120772,6226008.885,2301661.723,18429555.44,4214948.17,460313957.2,11992.66,6988318.07,51941758.68
201505,60495890.46,8274906.06,17018.43,7297852.28,-740715.8,4069821.05,16855936.34,12837572.78,268791.67,-302369.7,358516.82,189137.88,2576111.77,7301277.81,49948485.07,7297852.28,-740715.8,4069821.05,16855936.34,18936585.43,12837572.78,0,12844098.38,20585111.96,48285.32,25200230.34,2283547.07,268791.67,-302369.7,358516.82,189137.88,9200661.09,3857067.16,22793652.59,12325903.58,1787699.76,113189791,42791022.77,63351280.55,7165031.3,2568449.25,-4526936.04,17018.43,0,0,6624549.32,5024625.77,10547405.38,11049873.02,8026554.17,5793695.88,2715047.711,14349.24,1889.07,0,6734889.368,1617137.778,18429555.44,4214948.17,496328064.5,11992.66,7128489.59,34059830.67
201506,47329897.38,30142343.19,138.68,10217750.66,1408682.4,2661138.65,17168347.2,26513186.16,653032.64,203485.68,314415.51,241775.01,13603895.29,29837825.25,42958615.51,10217750.66,1408682.4,2661138.65,17168347.2,33554659.58,26523086.16,9900,31167192.96,20122050.62,18954.16,70066378.54,2098588.84,653032.64,203485.68,314415.51,241775.01,22983719.29,79948232.81,113502892.4,43414401.46,2328876.34,91792120.81,40344872.35,43367184.07,8071421.41,2784736.24,-4890712.93,138.68,9900,0,9379824,13576576.21,4371281.87,24184309.82,6163658.4,4090038.73,1719454.895,16508.99,-637800.23,4213732.35,3179231.428,2493636.89,16081407.8,2506429.65,517121005.1,23862.06,5674593.09,60796627.68
201507,49746215.14,26051673.33,892.71,10861728.65,-519099.13,3180237.78,18480551.74,7312789.88,733317.47,136555.69,191953.67,246429.56,4501556,9154707.46,44931939.12,10861728.65,-519099.13,3180237.78,18480551.74,4038867.84,7312789.88,0,22211466.86,24615691.32,736.82,21249870.73,2440244.33,733317.47,136555.69,191953.67,246429.56,9163045.02,5811575.71,9850443.55,13924670.55,296243.86,106726456.5,47102860.44,53325266.3,6441598.75,2279237.74,-5538957.58,892.71,0,0,4661489.02,4769963.09,4814276.02,7016546.02,6386064.93,4237310.52,2148939.276,18830.21,285218.68,0,6472599.656,2344392.433,16081407.8,2506429.65,530020154.6,23862.06,6035051.96,46853949.31
201508,59483773.04,24153264.01,5490.92,9337927.11,206996.11,2973241.67,18569833.74,10466373.94,647694.79,13527.8,170053.47,140548.28,2797724.31,5147765.16,48017859.84,9337927.11,206996.11,2973241.67,18569833.74,13430926.24,10466373.94,0,9243801.79,14819342.08,0,19501638.15,2989720.94,647694.79,13527.8,170053.47,140548.28,6905821.28,8830883.15,22261809.4,9022853.91,985156.84,89776119.17,32715886.66,51949177.34,5374474.78,2094336.83,-5009888.86,5490.92,0,0,4108096.97,3875088.75,11465913.2,9481217.1,7663869.73,5535395.66,2707809.734,30069.86,1474.11,0,6721932.974,2274126.993,16081407.8,2506429.65,546095316.5,23862.06,6668279.55,32461758.03
201509,57586046.81,23532923.93,621.19,9168685.55,539967.75,2433273.92,17729009.88,23293253.77,1044382.26,-46797.31,156870.32,199463.95,10452376.66,23362047.78,44206560.76,9168685.55,539967.75,2433273.92,17729009.88,16396734.12,23293253.77,0,21027575.96,32562950.76,0,57180565.03,3044039.06,1044382.26,-46797.31,156870.32,199463.95,19907978.85,12150009.12,28546743.24,33860620.96,1445916.17,92229126.13,33061153.34,54135806.46,5165835.8,3237059.93,-6002987.04,621.19,0,0,9455602.19,10498573.18,13379486.05,21847337.6,7936675.84,5815211.78,2947302.236,34170.47,111273.01,-1029642.69,6394041.365,3304405.825,18307076.37,3642896.92,535357269.1,3263.23,7292000.2,49781111.61
201510,58059849.03,33148065.28,88.77,9935856.78,-990046.16,3423320.08,17267065.03,12031857.24,343291.37,-187414.56,399935.98,68721.4,4810321.86,8265156.26,46062055.12,9935856.78,-990046.16,3423320.08,17267065.03,10998488.35,12031857.24,0,15878478.09,35644178.26,0,34126805.21,1736530.83,343291.37,-187414.56,399935.98,68721.4,15292524.93,32080624.17,43079112.52,22082537.66,796754.4,93132107.77,43249627.24,48250141.17,1903310.1,2901558.14,-6744246.68,88.77,0,0,10482203.07,13817381.4,11997793.9,11235102.84,8394495.36,6174827.01,4686536.218,28308.67,0,0,6816420.066,3405021.516,18307076.37,3642896.92,582680746.2,3263.23,7643255.26,50786436.88
201511,56195819.22,64246862.71,-2283.82,9407632.72,716720.12,2706599.96,16651873.39,16634835.35,1387189.23,262504.73,135904.45,199052.2,8952533.45,14203604.7,46596350.06,9407632.72,716720.12,2706599.96,16651873.39,24869833.32,16634835.35,0,10211560.45,29481546.63,45843.08,43237095.53,2680967.14,1387189.23,262504.73,135904.45,199052.2,21926187.13,34873716.35,59743549.67,26589849.87,1506316.5,87104207.8,37301599.12,49472276.86,630072.82,3973899.05,-5793586.09,-2283.82,0,0,12973653.68,12386245.17,9599469.16,15128518.85,8802768.04,5753869.07,3377882.808,22932.61,-151816.86,0,6604147.229,2820508.343,18307076.37,3642896.92,558253449.8,3263.23,6744226.31,40164128.18
201512,44561739.6,60619874.88,8095.46,9401931.35,-362289.03,3068888.99,16930880.04,12574978.15,951483.99,77379.24,136958.55,455880.45,19285537.9,34346999.07,39085434.68,9401931.35,-362289.03,3068888.99,16930880.04,37119531.99,15774978.15,3200000,35980060.65,75269722.47,4644540,76517677.46,3006148.9,951483.99,77379.24,136958.55,455880.45,40093113.68,85239845.91,122359377.9,60784156.74,508032.52,93835445.78,45223925.13,47794794.88,1026475.42,8402758.64,-6855084.38,8095.46,3200000,0,20807575.78,26437157.67,5476304.92,12066945.63,25193946.2,11471621.68,8028159.16,28654.65,-148829.34,785839.39,15579022.5,5310843.108,16488912.02,4608947.69,706046106.3,4518.67,4908717,116239667.1
201601,49480481.51,31440111.11,-67.29,10310399.83,-12536.18,3081425.17,17934779.4,9854473.49,266066.69,-159177.36,244487.55,78156.96,5244635.57,7978890.14,43227524.02,10310399.83,-12536.18,3081425.17,17934779.4,6357656.29,9854473.49,0,12995648.79,37010099.68,0,24088469.32,3393455.24,266066.69,-159177.36,244487.55,78156.96,9996336.65,19674796.49,26032452.78,14225578.4,0,101482428.5,43708586.81,55728508.9,1260262.23,7315994.49,-6461063.42,-67.29,0,0,4751701.08,6246688.26,6252957.49,9854473.49,9369008.14,6427644.46,3399221.948,34444.19,-18566.1,0,7240194.585,2594228.268,16488912.02,4608947.69,811275233.3,4518.67,5642694.14,50544007.37
201602,48605832.53,28688948.61,-474.64,10331189.04,432210.83,2649214.34,21000921.5,9978142.64,315304.68,31752.18,219971.85,101090.12,6436978.54,9321466.95,44688823.23,10331189.04,432210.83,2649214.34,21000921.5,14370303.21,9978142.64,0,9783272.22,19376332.71,153046.68,27939141.08,3538284.3,315304.68,31752.18,219971.85,101090.12,12374657.31,12217474.06,26587777.27,17948588.13,0,69209489.55,31622425.33,35589991.74,941751,6153379.28,-8485178.64,-474.64,0,0,5937678.77,8627121.18,3917009.29,9978142.64,8121673.91,5919615.75,4493197.175,26230.39,130624.36,252035.62,8670140.11,2574754.669,16488912.02,4608947.69,1145214928,4518.67,5075797.23,28231531.3
201603,41255688.45,55214683.88,2442.95,12782438.93,256041.34,2393173,19693128.16,24175785.11,676631.82,127840.38,115942.85,64409.48,15166966.26,26838968.69,37959625.44,12782438.93,256041.34,2393173,19693128.16,25931201.93,24175785.11,0,12159694.23,24793610.54,4424.4,55534515.1,2291864.51,676631.82,127840.38,115942.85,64409.48,19736391.77,3603980.34,29535182.27,31340319.68,800,74168183.1,35359386.42,37835482.71,888968.91,3722092.52,-7358927.75,2442.95,0,0,4569425.51,4501350.99,3296063.01,24174985.11,8525738.34,6089046.09,3527272.836,11632.51,-794.36,-4106644.33,5100799.58,3488710.278,19120823.42,9757191.69,1499896422,4528.04,5247345,43328392.29
201604,40921145.85,47604128.15,371.05,10430648.89,-670403.22,3063576.22,19065895.77,17606954.43,550360.42,-38172.23,121737.7,106229.32,7471311.16,13565512.16,37385813.75,10430648.89,-670403.22,3063576.22,19065895.77,42315726.23,17606954.43,0,26888820.17,16303700.29,115186.8,37235836.51,3276643.04,550360.42,-38172.23,121737.7,106229.32,14037674.65,25867915.44,68183641.67,19607396.76,0,79607578.39,46902531.6,34561177.71,350577.79,4814437.72,-6813154.77,371.05,0,0,6566363.49,6041884.6,3535332.1,17606954.43,9943299.47,6899369.29,4668627.721,43642.18,-869.64,0,9185406.043,3772107.832,19120823.42,9757191.69,1411393605,4528.04,5613299.12,43715266.93
201605,39897295.59,45229456.77,17427.93,11920120.66,684916.98,2378659.24,18918325.92,15992836.53,454049.92,15262.28,121737.7,306408.02,6401606.8,19608509.58,36756352.09,11920120.66,684916.98,2378659.24,18918325.92,16754086.85,15992836.53,0,4976141,10285989.77,12772.6,43493414.74,3117104.37,454049.92,15262.28,121737.7,306408.02,12111096.06,16569101.46,33323188.31,27485367.9,0,83517935.89,43354766.42,39202573.8,1257704.2,4570480.17,-8219893.9,17427.93,0,0,5709489.26,7876858.32,3140943.5,15992836.53,10513624.3,5638211.72,4937601.713,3156.8,-2933.88,188935.62,9249056.044,2429346.917,19120823.42,9757191.69,1278491636,4528.04,6044518.24,13969713.03