Payout Ratio [FY 1997] (%),Payout Ratio [FY 1998] (%),Payout Ratio [FY 1999] (%),Payout Ratio [FY 2000] (%),Payout Ratio [FY 2001] (%),Payout Ratio [FY 2002] (%),Payout Ratio [FY 2003] (%),Payout Ratio [FY 2004] (%),Payout Ratio [FY 2005] (%),Payout Ratio [FY 2006] (%),Payout Ratio [FY 2007] (%),Payout Ratio [FY 2008] (%),Payout Ratio [FY 2009] (%),Payout Ratio [FY 2010] (%),Payout Ratio [FY 2011] (%),Payout Ratio [FY 2012] (%),Payout Ratio [FY 2013] (%),Payout Ratio [FY 2014] (%),Payout Ratio [FY 2015] (%),Payout Ratio [FY 2016] (%),"Repurchase of Common Stock [FY 1997]($USDmm, Current rate)","Repurchase of Common Stock [FY 1998]($USDmm, Current rate)","Repurchase of Common Stock [FY 1999]($USDmm, Current rate)","Repurchase of Common Stock [FY 2000]($USDmm, Current rate)","Repurchase of Common Stock [FY 2001]($USDmm, Current rate)","Repurchase of Common Stock [FY 2002]($USDmm, Current rate)","Repurchase of Common Stock [FY 2003]($USDmm, Current rate)","Repurchase of Common Stock [FY 2004]($USDmm, Current rate)","Repurchase of Common Stock [FY 2005]($USDmm, Current rate)","Repurchase of Common Stock [FY 2006]($USDmm, Current rate)","Repurchase of Common Stock [FY 2007]($USDmm, Current rate)","Repurchase of Common Stock [FY 2008]($USDmm, Current rate)","Repurchase of Common Stock [FY 2009]($USDmm, Current rate)","Repurchase of Common Stock [FY 2010]($USDmm, Current rate)","Repurchase of Common Stock [FY 2011]($USDmm, Current rate)","Repurchase of Common Stock [FY 2012]($USDmm, Current rate)","Repurchase of Common Stock [FY 2013]($USDmm, Current rate)","Repurchase of Common Stock [FY 2014]($USDmm, Current rate)","Repurchase of Common Stock [FY 2015]($USDmm, Current rate)","Repurchase of Common Stock [FY 2016]($USDmm, Current rate)"
306.3308,1589.9425,0,0,0,0,0,0,0,0,0,0,0,0,0,0,20.3685,21.5432,22.5903,-,0,0,0,0,0,109.281,0,407.527,99.976,0,49.837,247.63,20.014,389.287,624.241,484.608,367.061,372.014,454.02,-
27.4955,28.5474,27.5328,26.924,31.045,35.8462,17.3013,18.9784,22.7272,23.8909,29.171,32.1602,33.9816,32.7995,20.7569,31.8652,30.457,36.4024,42.9503,-,0,2.23362,3.35606,0,111.4487,326.54421,143.36508,197.23672,511.63577,1294.86674,1132.58579,548.82515,0,247.92923,277.22995,59.72841,0,0,0,-
0,0,4.1318,32.6109,50.8413,51.7368,87.5095,0,0,0,105.5812,88.1013,-,0,0,18.4714,51.4369,37.2434,28.9258,-,0,0,0,0,0,0,0,0,0,0,0,0,0,0,0,0,0,0,0,-
23.4904,29.1388,33.0585,19.8829,-,-,-,0,16.2821,27.2027,36.3757,70.5579,160.5936,57.3389,59.1028,139.0995,73.8275,83.8692,81.4303,-,0,0,0,45.79982,18.50977,0,17.79786,0,0,0,0,0,0,0,0,11.03467,0,0,0,-
16.904,21.3714,23.1664,25.4951,63.4545,39.8698,38.8935,44.2669,40.4314,35.137,23.3865,51.354,173.5129,82.1081,-,-,-,12.305,20.5596,-,0,0,28.17378,180.31217,23.66597,19.15817,1527.01865,2984.16634,4798.5575,3798.95194,4303.826,3519.46808,0,0,0,0,0,481.20809,194.96253,-
36.9901,12.6068,60.7142,0,-,-,0,0,0,-,-,0,0,0,0,0,0,0,0,-,0,0,0,0,0,0,0,0,5.63476,0,0,0,0,0,0,0,0,0,0,-
0,35.6233,52.9092,28.8452,16.6471,11.755,10.6356,34.1017,20.0846,31.2762,11.4943,45.8963,40.7132,36.4019,95.7304,-,112.5424,69.2561,56.3651,-,0,0,0,0,0,0,0,0,0,0,0,0,0,0,0,0,0,0,26.28723,-
0,0,0,0,0,0,0,0,0,0,0,0,0,0,10.1386,18.6668,33.1563,47.8543,45.496,-,323,0,0,0,0,1854,5984,9080,10235,8295,7681,10441,3611,7864,6896,4760,3103,9843,4826,-
-,0,0,0,0,0,0,0,0,0,0,0,0,0,0,0,0,-,24.6646,-,-,0,0,130,0,0,0,63.61,0.017,186.388,1623.19,604.7,453.888,565.4,548.6,650.6,577.8,2262.5,1153.6,-
0,0,0,0,0,0,0,0,0,0,0,0,0,0,0,0,14.3648,32.3876,45.5778,-,0,0,0,0,18.258,363.923,126.975,545.718,1003.419,3655.404,1453.669,1489.501,0,999.924,2000,685,3015,2969,2063,-
-,-,-,-,-,-,-,-,-,-,-,-,-,-,-,0,0,0,0,-,-,-,-,-,-,-,-,-,-,-,-,-,-,-,-,-,0,0,0,-
-,-,-,-,-,-,-,-,-,-,-,-,-,-,-,5.9617,28.5228,28.1599,21.6522,-,0,0,75,116,0,0,26,0,0,0,0,0,0,0,0,0,22860,45000,35253,-
-,-,5.7283,7.1615,16.5971,4.7909,15.2659,14.7947,11.1171,10.4943,11.0383,21.2003,8.4515,12.1376,6.5353,5.4566,4.1905,9.6779,16.7403,-,0,0,0,0,0,1346.41806,1776.16698,3448.52324,1929.50235,1627.43236,1638.66804,0,0,0,0,0,0,1010.20831,4502.09613,-
0,0,22.133,20.1749,190.683,28.1919,0,72.3549,36.0283,264.3178,35.8227,13.5511,-,9.1954,32.1592,24.2471,30.1865,32.6337,39.4502,-,0,0,0,0,0,34.01467,10.23931,3.6617,2.07536,153.299,10.445,42.583,53.907,0,86.61,0,44.122,45.304,0,0
-,0,0,10.6477,16.6611,16.2809,17.2536,18.5312,20.9111,21.9982,19.9568,34.2303,10.7763,22.2383,11.841,16.9413,16.6394,18.1037,38.276,-,-,0,0,0,0,0,0,0,0,0,0,0,0,0,0,0,0,0,0,-
17.0567,21.2224,18.6193,17.2572,152.2058,-,38.4797,27.7952,38.6155,14.424,11.6464,9.5569,10,8.8003,11.931,-,21.6115,23.6185,27.4483,-,724,2424,2643,5570,1240,671,751,3309,3514,7779,10887,9620,5140,11042,10117,1619,1532,2728,2883,-
0.4342,0.6236,0.3596,0.1379,0,0,11.3796,21.1679,28.3336,28.1371,27.0529,22.7079,30.6678,24.4029,22.3758,37.6074,34.0987,40.2237,81.0465,65.5197,3101,2468,2950,4896,6074,6069,6486,3383,8057,19207,27575,12533,9353,11269,11555,5029,5360,7316,14443,15969
41.3444,730.2474,-,164.0586,27.0502,-,35.7878,125.7306,67.6071,97.8269,-,-,-,-,9.4051,7.7821,26.5585,11.6445,25.4931,33.6365,0,0,0,0,0,3.32186,15.103,303.89546,11.74123,10.55414,119.70672,11.42202,8.38945,1.14719,1.82553,1.25692,1.61604,44.20171,4.19971,2.94279
12.8508,13.1795,11.3978,11.479,12.508,28.0804,16.5446,15.6972,15.7549,17.7307,20.6085,20.9583,21.3035,21.4184,21.9047,22.7234,24.6193,35.4766,37.1266,-,6250,6278,6645,6073,3652,3087,3200,5361,7739,8084,18828,10578,7429,15375,15046,11995,13859,13679,4609,-
-,-,-,-,0,0,0,0,0,0,0,0,0,0,0,0,0,0,0,-,-,-,-,-,-,0,0,0,0,0,0,0,0,801,0,0,0,0,1780,-
-,-,-,-,-,-,-,-,0,0,0,0,0,0,0,0,0,0,0,-,-,-,-,-,-,-,-,-,0,0,0,0,0,0,0,0,0,0,0,-
2.5917,3.5761,5.0041,4.4613,41.6731,17.0997,9.2891,13.5976,22.5992,45.9952,37.5286,58.5789,71.1375,30.5565,31.8884,39.5274,46.5592,37.6708,39.8949,-,3372,6785,4612,4007,4008,4014,4012,7516,10637,4593,2788,7195,1762,1736,14340,5110,2440,11124,3443,-
0,0,0,0,0,0,0,0,0,0,0,0,0,0,0,0,0,0,14.0312,-,0.63,0.65,0.107,0.089,0.039,0,0,0,0,0,25.061,222.346,0,152.285,225.905,50,0,0,259.027,-
39.9007,331.269,-,44.7231,230.5128,-,-,0,37.6124,18.1019,16.1812,32.9993,-,14.8702,42.0877,53.0732,-,5.4762,11.8208,19.0761,0,0,0,0,0,0,0,0,0,0,0,0,0,226.35543,1.44646,0,0,0.83795,0,0
-,-,-,-,-,-,-,-,-,-,100.0316,47.9496,39.2193,64.4069,2937.8458,34.0816,60.0404,69.108,53.9234,-,-,-,-,-,-,-,-,-,-,-,0,12.8433,32.2174,31.91322,0.30022,0,0,0.12992,54.62907,-
0,0,0,0,0,0,0,0,0,0,0,0,4.4698,16.3651,12.4137,12.0729,13.1167,19.8813,22.6906,28.5473,528.209,489.823,1086.953,5307,4341,2792,2653,1499,1343,2067,3937,2023,3972,992,1160,5856,11021,9833,8101,10529
-,0,0,0,0,0,0,0,0,27.5315,23.5739,14.9095,19.3527,39.8894,25.3853,34.0061,31.778,40.0778,41.8127,-,-,-,17.731,47.917,524.13,560.718,560.414,3459.934,1625.097,2087.027,2307.947,2261.234,1855.384,2070.875,2171.877,2098.841,2544.352,2559.434,2452.989,-
-,-,-,-,-,48.4907,37.1551,44.6905,73.5508,71.5297,45.5578,62.8014,58.6744,78.7477,61.3361,67.3128,85.473,84.3056,91.0777,-,-,-,-,-,-,0,0,123.91461,5.42767,2.20475,0,50.0032,0,0,8.80171,1.209,0,0,0,-
-,-,-,-,-,-,-,-,-,-,-,-,-,-,-,-,307.0874,228.916,-,-,-,-,-,-,-,-,-,-,-,-,-,-,-,-,-,-,0,0,-,-
11.5534,14.2549,21.0681,11.0524,12.0218,12.406,10.3499,15.4218,16.7432,22.9062,26.9513,46.9108,103.1493,55.1911,61.4503,63.3948,67.5221,57.218,79.3387,-,0,0,0,0,2.76323,58.6962,10.68383,4.92793,1.46641,4.60871,4492.1044,998.21439,0.41897,610.46437,995.22172,1496.01478,498.84783,1494.46857,0,-
14.1533,16.2114,15.3087,11.1266,177.8145,-,0,0,0,0,0,0,0,0,0,0,0,15.1675,15.2698,-,141.784,308.218,70.147,0,0,0,0,0,0,0,0,0,0,0,0,318.333,207.192,8.616,159.984,-
-,0,15.7375,39.3355,14.4077,13.2237,22.4556,98.6835,43.616,61.3012,47.3537,73.4098,30.33,43.6081,106.8559,95.3965,175.6567,61.2907,75.6297,-,-,0,0.11924,0,28.11075,0,0,195.30761,0,0,0,40.8096,0,0,41.39036,0,35.70453,0,0,-
0,0,0,0,0.2837,2.1054,0.9627,13.3472,49.607,48.6125,70.8823,76.8303,86.1669,48.0852,57.9206,48.7511,42.2732,30.588,38.5283,-,0,0,0,0,0,0,0,223.76545,0,0,1439.41046,1061.20444,0,0,2.26941,0,0,0,0,-
0,0,0,0,0,0,0,0,0,0,0,0,0,0,0,0,0,0,0,0,0,0,0,0,0,0,0,0,0,127.027,80.093,100.019,100,0,200,314.886,185.114,0,52.997,147.003
0,0,0,0,0,0,16.324,17.9069,24.4517,28.2591,26.0974,31.0759,68.6557,36.2488,31.5962,25.9125,29.9868,32.4588,54.6385,-,0,0,0,0,0,6,166,0,953,1500,1482,1670,285,3016,142,1313,4610,4549,11246,-
-,-,-,-,-,0,0,0,0,0,0,24.6906,16.0056,15.4718,-,0,0,0,18.5099,-,-,-,-,-,-,0,0,0,0,0,0,0,0,0,0,0,0,0,0,-
0,0,0,0,0,0,0,0,0,0,0,0,0,0,0,0,0,0,0,0,0,0,24.335,0,0,0,0,0,0,0,0,0,260.074,0,400.4,509.8,322.04,475.314,415.945,420.317
19.4166,36.7104,-,94.0956,25.753,-,-,18.0924,18.2088,-,154.0315,71.3196,-,0.5512,-,-,0.0131,30.7569,18.0761,15.0809,0,0,0,0,0,0,0,0,0,0,0,0,0,0,0,0,0,0,0,0
0,0,0,0,0,0,0,0,0,0,0,0,0,0,0,0,0,0,0,-,151.01,50.129,0.1,0.321,0,0,0,0,0,0,84.236,115.763,2.478,173.65,197.044,260.87,362.793,304.763,356.434,-
0,66.0938,0,0,0,0,0,34.6859,35.2008,25.6811,52.6156,60.5225,71.6165,39.8837,37.4777,32.2339,65.7442,33.7118,31.7338,-,0,1.87048,0,0,0,0,0,0,21.08652,99.53238,167.22621,52.40217,0,0,0,0,0,87.02043,119.9295,-
11.6716,10.2679,7.725,6.0659,6.1882,6.2812,23.2518,17.235,25.6235,25.6393,31.7975,63.8604,50.1846,43.3787,55.0264,46.0215,263.1465,67.1276,68.7081,-,0,0,0,0,0,0,0,0,0,17.30003,0,0,0,9.4955,0,386.97425,326.4892,118.3686,23.02334,-
-,-,-,-,-,-,-,-,-,-,-,-,-,-,-,0,-,0,-,-,-,-,-,-,-,-,-,-,-,-,-,-,-,-,-,0,0,0,30.82787,-
-,-,-,-,0,0,0,6.5265,27.2334,13.6681,13.4232,9.2582,7.6837,7.9375,8.216,8.7024,9.4697,7.396,9.1647,-,-,-,-,-,0,0,5.70587,0,18.5527,36.33757,16.16635,61.70792,26.85819,72.00968,223.94595,21.25286,241.61944,88.93042,98.27565,-
-,-,-,-,-,-,-,-,-,0,0,3.6929,10.9351,7.5103,5.1735,14.5309,11.281,21.1206,32.0334,22.9492,-,-,-,-,-,-,-,-,-,0,0,0,29.92668,0,0,129.6723,199.5112,99.7556,0,0
-,-,-,-,-,-,-,0,0,0,7.4752,13.5885,74.5737,-,0,0,99.1919,7.901,25.7659,-,-,-,-,-,-,-,-,0,0,0,0,0.00998,299.31668,0.00998,0,0,0,0,542.71037,-
-,0,0,0,0,0,0,0,0,7.7596,8.1344,9.2704,8.3731,9.0023,18.0873,18.3076,17.4745,17.9114,18.9437,29.3665,-,0,0,0,0.57858,0,0.01995,0,0,0,0,0,818.0059,30.60502,25.3479,0,200.58856,299.2668,7.93057,0
0,0,0,0,0,0,0,11.4622,25.6174,38.7893,47.3154,77.8458,73.3983,0,51.4906,80.3153,42.9344,70.7079,69.2278,-,0,0.75959,0.70428,0.78425,0.13523,22.88152,20.89357,31.57942,1.41715,71.00446,25.39778,69.81894,5.39678,0,46.70557,0,18.43484,33.35827,0,-
12.9632,13.0346,15.4974,13.638,9.8201,15.0274,26.4744,15.5897,15.1846,34.4013,37.026,14.6843,167.7594,-,21.0455,35.7763,33.2878,23.7974,22.3613,25.9291,0,0,0,0.00998,0.91775,4.14983,42.46596,3.34181,152.59614,0,7.00284,341.48337,349.65335,0.22944,199.64088,0.05985,0.05985,0.21946,0.61849,1496.8228
78.7491,65.0063,-,46.886,55.3817,32.3356,21.8381,35.3016,70.5741,-,0.0165,13.4696,61.1305,54.7575,30.6688,38.9003,52.6117,42.4683,21.7618,38.9297,0,0,0,0,0.00998,0.18954,2.03501,2.85301,2.32431,1.3467,1.89536,2.88294,6.63375,1.08734,0.75814,0.10973,0.08978,157.6737,134.75984,99.89526
0,0,0,11.6451,7.5557,54.3516,12.0249,23.2843,16.0197,74.0637,7.8993,7.5471,22.7749,9.0521,8.6943,35.8699,75.0447,134.3292,61.9447,-,0,0,0,0,0,0,0,0,0,0,0,2.25448,5.07756,0.16959,0,0,0,0,0,-
0,0,0,0,0,-,0,0,37.4193,0,11.0262,9.831,42.0342,-,13.4627,26.8856,37.0441,16.3345,14.2068,25.8126,0,0,0,0,0,0,0,0,0,0,0,0,0,0,0,0,0,0,0,0
204.1769,-,-,0,0,0,0,1.2048,0.0089,35.9232,-,0,0,0,0,0,9.7139,3.772,14.859,65.2746,0,0,0,0,0,0,0,0,0,0,0,0,0,0,0,0,0,0,0,0
12.0549,0,17.2445,17.0668,18.1592,-,49.6963,15.7359,23.8378,23.9858,18.8663,21.9462,-,85.8653,19.9606,-,842.6778,46.3777,20.3661,21.3858,0,0,0,0,26.59484,9.23737,12.59913,18.60442,16.67914,9.52666,0.31922,391.54073,0.14963,0.15961,0,132.27593,2.76323,0,0,0
0,0,0,18.9268,20.8001,35.0458,-,80.8463,63.9647,77.2501,9.593,11.4631,39.1627,51.8217,-,-,-,0.1239,11.4479,-,0,0,0,0,0,0,0.09976,0.01995,0.0399,0.0399,0.14963,0.27932,0.17956,0.01995,0.01995,0,0,0,0,50.02743
11.0813,34.8425,18.5078,-,15.9681,56.9926,11.3458,12.784,13.2699,19.1308,73.2818,81.1226,-,0,16.0919,85.8443,-,0,5.1584,9.5122,0,0,0,0,0,0,0,0,0,0.43893,29.97656,0,0,0,0,0,0,0,0,0
0,0,0,32.0103,7.2355,-,-,7.4976,19.4388,15.4962,26.188,34.8761,-,-,-,0.0672,16.687,22.9478,17.912,16.1665,0,0,0,0,0,24.44012,77.33054,2.02504,1.62602,0.27932,0.23941,65.86862,0.09976,0.13966,0.10973,0.04988,0.00998,0.06983,0.0399,0.0399
0,0,17.0538,16.1348,8.4166,-,-,14.2073,12.8867,11.1712,21.0034,64.6223,-,-,55.6433,-,-,-,10.3981,52.1063,0,0,30.92424,6.05517,2.25448,0.42895,107.06769,0.30924,543.77775,0.56861,0.67834,364.74638,0.05985,0.0399,102.42905,0,0,0,0,0
28.5805,25.483,43.3811,24.2288,5.6142,39.9743,30.0789,18.1711,27.4766,29.3747,19.372,22.9066,82.1798,58.703,19.3175,32.6045,36.6103,32.2502,28.2243,40.234,0,0,0,96.90259,17.31757,6.26465,419.07328,0.32919,1.69585,1.69585,2.50387,2.10484,381.25593,0.58856,0.68831,5.3868,0,0,0,0
0,0,0,7.0186,8.7573,19.0476,40.2406,-,-,37.7812,9.2088,11.1999,-,-,-,-,43.95,16.8121,10.7519,7.9655,0,0,0,0,0,0.57858,2.29438,9.97556,0.63844,0.57858,1.08734,1.19707,20.38007,0.17956,0.27932,0.0399,0.0798,0.02993,0,0
0,0,0,0,0,-,0,0,4.7945,11.9453,13.6794,80.4238,-,0,0,25.5984,-,0,5.8736,8.828,0,0,0,0.00998,0,0.06983,0.82797,1.01751,0.39902,6.71355,69.9586,43.1044,0.15961,0.04988,0.10973,0.04988,0.0399,0.05985,0.10973,10.07532
24.8599,25.3327,24.8213,18.1143,14.962,13.5066,14.0333,12.1352,17.7922,16.6685,16.3259,21.2543,387.7488,84.5215,128.5185,-,46.8968,32.8558,35.4204,39.7125,0,0,0,0,0,10.51424,172.38765,113.83112,105.98035,106.26964,7.97047,157.31458,6.42426,1.82553,1.56616,0.22944,0.38905,1.42651,0.18954,0.15961
0,0,0,75.5346,24.6025,-,47.3186,16.0236,19.0382,21.0444,78.5724,42.6696,-,54.4655,43.7439,31.5666,-,14.8617,29.4957,40.1257,0,0,0,2.58367,0,26.46516,57.64876,0.75814,26.71455,171.4699,299.53614,0.68831,199.73066,0.02993,0.0399,0.00998,0.00998,0.05985,0.05985,49.93765
13.9849,15.6253,196.4094,10.5552,7.6323,-,-,16.982,6.0762,20.4041,14.0726,22.0483,177.9132,-,11.4509,62.9026,153.3245,-,24.9318,42.3835,0,0,0,4.5289,18.54457,14.92344,82.03901,0,28.33059,0,0,0,0.19951,0,-4.25956,0.11971,0.14963,0.28929,1.82553,1052.7408
0,0,0,-,11.4305,10.5679,14.6768,20.7857,27.9065,24.8918,19.3949,50.6403,31.8961,47.1734,45.1102,55.2683,38.6814,72.2849,52.3799,26.5633,0,0,0,0,0,0,0,0,0,0,0,0,0,0,0,0,0,0,0,0
0,24.2054,20.7443,19.5203,27.7772,67.111,-,44.6179,75.9393,30.5328,45.7713,40.4415,68.1809,56.8499,44.727,24.7218,52.5201,130.2127,35.612,30.2871,0,9.15756,0,0,0,149.69325,106.33947,0.02993,25.98633,0.70827,0.92773,0.30924,55.62372,0.02993,1.00753,0.28929,0.05985,0,0,99.88528
11.1921,15.4939,5.1452,4.1621,5.8387,6.2074,4.365,2.6514,0.5049,0,0,0,0,0,0,0,0,0,0,-,275.644,379.203,479.161,255.456,485.115,293.241,84.777,608.681,600.099,1364.412,1951.527,1722.715,350.013,850.02,695.015,405,1100,600,625,-
0,0,0,0,0,0,0,13.1421,28.6889,36.6619,45.9403,28.3014,94.0332,35.1031,32.468,52.9302,60.2765,72.1771,70.4655,-,0,84.192,0,0,21.831,97.75,0.052,137.083,525.493,1024.982,1647.212,569.853,3.762,39.848,330.489,161.046,60.529,356.346,226.953,-
25.1946,25.1352,25.9934,25.2828,26.8679,25.1514,27.9512,32.9841,32.6795,25.3474,40.5111,44.4201,47.2309,55.5885,55.2065,53.2733,57.2983,58.2558,63.8623,-,127.709,40.907,85.365,201.007,935.064,875.449,938.6,629.9,584.4,1299.9,1900.4,1504.8,580.4,766.4,732.8,741.3,647.3,667.3,1557.2,-
25.7509,20.0836,12.0681,148.6643,14.5656,14.4962,42.5213,11.1388,6.1058,1.0191,0,0,0,0,0,0,0,0,0,0,67.269,174.907,48.866,90.072,359.293,97.293,64.817,178.5,546.3,446.6,154.4,563,256.6,63.2,280.3,327.4,431.2,423.8,372.4,458
-,-,0,0,0,0,0,0,0,0,0,0,0,0,0,0,0,0,0,-,-,-,0,0,0,0,0,0,0,0,0,0,66.497,92.425,324.07,141.468,160.419,268.647,302.606,-
0,0,0,0,0,0,0,0,8.1031,16.5351,17.8735,33.87,-,37.2068,20.6126,398.1651,178.125,45.2425,35.3667,-,78.197,158.915,61.913,177.154,371.4,124.995,249.937,650,1677.511,4157.725,1331.997,1499.984,23,350,468,1416,245,0,1325,-
-,-,-,-,-,-,-,-,0,0,0,0,0,45.2153,17.8801,17.7545,21.3861,17.6047,19.0582,-,-,-,-,-,-,-,-,-,-,0,0,207,1109,959,692,315,5830,0,0,-
-,-,-,-,-,-,-,-,0,-,0,0,0,0,15.5797,24.3339,35.8695,107.9847,29.912,-,-,-,-,-,-,-,-,-,-,0,2,5,6,0,93,110,95,12,0,-
9.5628,3.4217,7.0287,6.1781,-,-,-,-,195.8333,58.4905,74.5762,17.1189,12.3695,10.7652,9.9153,20.1892,48.4816,49.5623,52.4822,54.7892,317,163,1090,0,449,95,106,56,161,590,1216,500,4,227,235,1053,493,507,215,707
0,0,0,0,0,0,0,0,0,0,0,0,0,0,0,0,0,0,0,-,0,0,0,0,0,0,0,0,0,0,105.36,27.835,16.259,59,374.147,520.845,179,248.3,460,-
0,0,0,0,0,0,0,0,0,0,0,0,0,0,0,0,0,0,0,-,0,0,0,157.85,210.222,164.372,124.554,121.903,174.35,274.161,259.97,256.458,214.944,433.739,424.849,251.008,406.326,1640.885,755.704,-
0,0,0,0,0,0,0,0,0,0,0,0,0,0,0,0,0,0,0,0,0,0,9.001,0,0,11.922,0,0,41,709,0,0,0,0,58,471,349,0,337,1018
101.583,0,0,0,0,0,0,0,0,0,0,0,0,0,0,0,0,0,0,-,0,0,0,0,0,0,0,0,0,1666.54,1485.397,2177.942,0,711,1064,898,1343,4658,2149,-
-,-,-,-,-,-,-,-,-,-,-,-,0,0,0,0,0,0,0,-,-,-,-,-,-,-,-,-,-,-,-,-,-,0,0,0,0,0,0,-
0,0,0,0,0,0,0,0,0,0,0,0,0,0,0,0,0,0,0,-,0,0.245,0,0,1.082,0,0,0,0,0,0,200,87.436,75,271.526,184.776,200,650.542,606.858,-
0,0,0,0,0,0,0,0,0,0,0,0,0,0,0,0,0,0,0,-,0,42.43,28.713,9.884,0,33.578,0,64.344,653,560,469,441,175,413,533,634,578,1148,1522,-
0,0,0,0,0,0,0,0,0,0,0,0,0,0,17.1744,19.0874,29.0393,28.2196,25.4044,-,0,0,0,0,0,0,75.451,3.144,48.494,119.053,3.737,40.739,73.169,35.725,160.669,214.195,162.078,139.238,123.193,-
-,-,-,-,-,-,0,0,0,0,0,0,0,0,0,0,0,0,0,-,-,-,-,-,-,-,-,0,0,0,0,0,0,0,0,0,0,0,0,-
0,0,0,0,0,0,0,0,0,0,0,0,0,0,0,22.4747,23.6596,24.2557,77.5342,-,0,0,0,0,8.363,318.35,814.327,610.184,709.887,784.186,506.751,800,300,900,1360,900,292,1577,1245,-
0,0,0,0,0,0,0,0,5.3126,25.0617,17.9998,30.2217,-,48.2378,21.0699,30.8936,48.9539,51.2858,76.7578,-,0,16.038,48.767,27.978,153.632,123.22,65.912,55.806,203.658,221.417,808.461,1111.17,226.515,136.275,234.844,263.864,273.254,240.843,602.888,-
11.1348,10.1248,11.3668,9.708,9.6299,27.3264,27.8133,26.669,25.5711,35.8948,46.7439,48.1179,67.3151,56.7616,37.3981,57.3917,59.3055,55.5057,53.4402,-,11.598,56.445,108.736,0,69.799,221.551,230.005,331.937,257.218,342.769,3215.574,98.964,29.116,14.671,38.173,76.066,85.699,81.786,124.24,-
0,0,0,0,0,0,0,0,0,0,0,0,0,0,0,0,0,0,17.7033,-,0,0,18.896,31.584,45.07,10.678,39.122,0,167.081,251.211,1083.745,14.552,30.946,93.032,360.905,772.663,955.661,244.859,573.24,-
0,0,0,0,0,0,9.2132,16.9901,20.1122,49.5562,58.23,84.8938,100.4356,115.0001,61.2987,79.0537,214.9494,71.1402,77.6344,89.805,19.463,31.481,87.437,4.772,0,27.777,26.52,53.864,68.276,3.32,0,1138.04,123.929,0,0,0,0,0,0,363.829
0,0,0,0,0,0,0,0,0,0,0,0,0,0,0,0,0,0,0,-,0,0,0,0,0,0,0,68,0,0,0,0,2,21,163,6,5,76,884,-
0,0,0,0,0,0,0,0,0,0,0,0,0,0,0,0,0,31.6614,37.1428,91.703,0.052,0.001,0.28,0,0,0,0,136.172,192.903,488.908,805.708,903.7,400,0,0,600,590,1881,1165,960
0,0,0,0,0,0,0,0,0,0,0,0,0,0,0,0,8.3312,41.1363,29.477,34.6905,0,0,0,0,0,0,0,0,24.644,188.509,274.978,552.512,423.636,0,0,0,100,887,814,587
32.0918,35.0923,38.8608,42.9368,48.304,57.3636,56.3799,58.5601,52.3184,49.8057,58.4566,76.7421,83.9175,94.0461,87.0948,84.0328,83.7785,81.3705,81.7602,80.14,0,0,0,0,0,0,0,0,0,0,0,999.999,0,0,0,0,0,249.7,182.4,107.9
-,-,-,0,0,-,-,-,-,-,-,-,-,-,-,0,0,0,0,-,-,-,-,1.17,0,-,-,-,-,-,-,-,-,-,-,0,0,0,0,-
0,0,0,0,0,0,0,0,0,0,0,0,0,0,0,0,0,0,0,0,0,0,0,0,0,0,0,0,0,0,0,98.662,0,0,12.652,30.373,6.999,12.78,50.874,1300.009
-,0,0,0,0,130.7189,44.9297,17.0132,17.256,18.4523,23.2201,17.2661,-,0,14.4814,12.9979,28.1828,35.4777,38.1171,-,-,-,861,76,1007,0,0,0,0,399,1526,1479,0,584,822,2426,1654,1912,1087,-
-,-,0,0,0,0,0,0,0,0,0,0,0,0,0,0,0,9.0452,15.4202,-,-,-,-,0,0,0,0,0,0,0.173,31.681,2.063,2.389,4.412,90.1,31,203.5,187.8,291.5,-
0,0,0,0,0,0,0,0,0,0,0,0,0,0,0,0,0,46.5478,47.0387,17.2829,0,21.346,56.341,18.73,244.41,204.42,64.332,60,191.916,3628.165,2846.312,1500,700,553,872,893,826,500,500,1868
7.1118,29.4247,9.235,4.6108,-,-,12.2704,8.2751,7.444,4.5841,15.9954,27.9687,38.5714,18.3395,28.8014,46.5605,54.3478,46.8982,48.359,-,86,256,473,155,395,370,284,753,4151,5302,4886,2122,954,2454,1973,1800,2868,2831,2741,-
0,0,0,0,0,0,0,0,0,0,0,0,0,0,0,0,0,0,0,-,0,0,0,0,69.514,0,0,113.257,548.63,135,1156.491,1327.378,260.571,449.749,550.097,325.68,1035.617,883.403,643.169,-
0,0,0,0,0,0,0,0,0,0,0,0,0,0,0,0,18.4693,16.0173,27.0307,-,144.574,35.828,0,0,0,0,0,16,45,54,73,60,36,0,50,604,842,816,970,-
0,0,0,0,0,0,0,0,22.2737,27.4432,34.4575,37.9009,42.7221,46.3371,26.3403,37.7983,47.2722,42.4092,47.2308,57.9065,32.028,93.795,113.804,5.289,402.796,125.58,60.846,62.328,133.755,401.584,1430,550,275,149.997,468.943,219.638,197.689,241.076,651.006,443.181
0,0,0,0,0,0,0,0,0,0,0,0,0,0,0,0,0,0,0,-,0,0,0,0,59.988,100,0,69.558,999.156,2009.845,1833.919,79.236,113.444,1749.311,1618.741,2167.841,3344.396,4163.227,203.771,-
0,0,0,0,0,0,0,0,0,0,0,0,0,0,0,0,0,0,0,-,-,0,0,0,6.151,0,0,0,145.043,145.998,108.536,1000.853,445.891,148.717,240.877,125.84,231.085,286.618,951.55,-
0,0,0,0,0,0,0,0,3.8935,4.1941,3.0323,2.5329,3.234,2.0976,1.9614,12.6238,15.2273,14.3703,20.8644,-,1048.49,0,0,0,0,0,0,45.643,8.704,72.658,93.594,293.625,0,0,672.191,380.1,324.7,539.4,248.9,-
-,-,-,-,0,0,0,0,0,0,0,0,0,0,0,0,0,0,0,0,-,-,-,-,-,0.227,0.342,0.017,0.254,0.028,0.012,0,0,0,0,0,0,0,0,0
-,-,-,-,-,-,-,-,-,-,-,-,-,-,-,-,0,0,0,18.6493,-,-,-,-,-,-,-,-,-,-,-,-,-,-,-,-,-,0,0,50.913
-,-,-,-,0,0,0,0,169.9313,14.7433,6.8959,17.7839,44.7592,16.7861,12.862,50.9106,51.9772,40.5094,48.2501,-,-,-,-,-,-,0,0,0,0,160.5,80.3,236.1,0,2539.7,364.2,511.3,475.9,521.9,320.4,-
36.3596,39.9477,34.3023,50,-,-,0,0,0,0,7.3488,5.9539,15.5378,8.797,12.5665,28.8508,28.8628,23.9077,50.7094,-,70.6,84.1,114,57,0,31,0,0,0,0,250,625,0,0,780,720,1516,2483,3228,-
-,0,0,0,6.1644,24.5679,11.1031,9.6568,6.6795,5.0476,4.5053,3.9181,17.2421,3.1955,3.0529,3.354,2.8677,2.347,1.9205,-,-,-,0,0,0,0,0,0,0,0,0,87.02,0,98.08,14.9,104.465,185.541,452.988,388.077,-
29.0602,52.7067,144.0677,166.1111,62.1495,15.9806,35.6302,20.0301,15.7764,17.9487,12.1149,18.3475,281.2664,20.4772,21.5986,456.2091,146.0176,33.6448,59.2814,-,0,0,15.7,232.8,92.2,0,6,56.5,56.4,44.9,251.3,243.4,132.3,208,256.1,473.5,415,309,166,-
-,-,-,0,0,0,0,0,0,24.6523,6.8148,-,5.3998,4.2795,4.0398,4.7843,8.1835,14.2383,19.0913,-,-,-,-,-,0,0,0,0,0,1799.937,600.532,649,0,0,1148,1748,2443,3386,3518,-
24.2372,-,32.6599,25.2655,-,-,37.178,24.6736,8.6063,12.1005,-,-,-,0,6.2176,30.6469,26.5696,24.4803,45.4098,-,0,0,0,0,0,0,0,0,874,3826,3035,138,0,0,1110,2438,1694,2546,3177,-
0,0,0,0,0,0,0,0,0,0,0,0,0,0,0,0,0,0,0,0,-,0,0,0.001,6.44,6.672,0.764,0,99.973,16.716,1.664,67.157,42.319,236.393,90.146,133.22,120.662,239.363,535.062,262.643
-,-,-,-,-,-,-,0,0,0,0,0,0,0,0,0,0,0,0,-,-,-,-,-,-,-,-,-,-,-,0,176,174,88,127,277,382,551,657,-
-,-,-,-,-,0,0,0,0,0,0,16.064,-,26.2012,23.7751,29.8561,30.094,24.8736,20.7438,-,-,-,-,-,-,-,-,-,0,0,0,1242,152,488,865,185,844,578,1023,-
12.2546,12.3843,11.3539,10.0152,10.725,10.1522,10.4736,15.6889,20.2642,20.5764,23.267,22.1707,25.6527,28.4031,24.4601,38.4947,23.0888,23.1658,20.2384,-,0,0,1.29075,2.0773,0,0,9.825,1.189,0,22.874,0,35.698,0.328,46.228,121.271,74.939,103.857,170.516,242.235,-
-,-,-,-,-,-,0,0,0,0,0,11.5671,13.5146,12.4072,11.589,27.7518,17.3493,18.4994,18.5998,-,-,-,-,-,-,-,-,0,0,0,0,13446,2646,1000,2024,710,5429,4204,3018,-
-,-,-,-,-,-,51.1598,87.786,44.9859,324.0262,3.4993,3.0903,4.8539,18.1668,16.6638,24.7782,34.7194,31.1121,37.7775,-,-,-,-,-,-,-,-,0,0,19.9,726.8,1314.5,400.2,581.4,803.9,766.5,399.7,495.4,511.3,-
32.7134,194.5054,69.4312,-,-,73.6263,15.8333,9.6623,5.9304,3.5537,0,66.9565,30.7216,37.9537,20.4633,21.3389,25.5392,30.8983,68.7763,-,0,172,0,0,0,0,0,0,433,1069,632,845,0,0,701,1052,696,1071,1302,-