Rev YOY % [FY1997],Rev YOY % [FY1998],Rev YOY % [FY1999],Rev YOY % [FY2000],Rev YOY % [FY2001],Rev YOY % [FY2002],Rev YOY % [FY2003],Rev YOY % [FY2004],Rev YOY % [FY2005],Rev YOY % [FY2006],Rev YOY % [FY2007],Rev YOY % [FY2008],Rev YOY % [FY2009],Rev YOY % [FY2010],Rev YOY % [FY2011],Rev YOY % [FY2012],Rev YOY % [FY2013],Rev YOY % [FY2014],Rev YOY % [FY2015],Rev YOY % [FY2016],EBITDA Margin % [FY 1997],EBITDA Margin % [FY 1998],EBITDA Margin % [FY 1999],EBITDA Margin % [FY 2000],EBITDA Margin % [FY 2001],EBITDA Margin % [FY 2002],EBITDA Margin % [FY 2003],EBITDA Margin % [FY 2004],EBITDA Margin % [FY 2005],EBITDA Margin % [FY 2006],EBITDA Margin % [FY 2007],EBITDA Margin % [FY 2008],EBITDA Margin % [FY 2009],EBITDA Margin % [FY 2010],EBITDA Margin % [FY 2011],EBITDA Margin % [FY 2012],EBITDA Margin % [FY 2013],EBITDA Margin % [FY 2014],EBITDA Margin % [FY 2015],EBITDA Margin % [FY 2016]
37.0215,39.181,55.2516,78.4017,37.1619,5.1929,-8.0715,19.5779,14.9339,21.6533,14.3595,11.4916,-9.4713,4.2484,6.4842,2.1768,3.0475,6.509,2.2421,-,21.6909,28.2318,28.3317,27.2819,28.8091,25.4475,21.7051,22.5435,21.8243,19.1833,18.6585,19.3678,20.4784,20.3192,18.4358,18.5433,18.5999,18.476,19.3148,-
61.1836,42.8172,18.4121,22.5897,17.1792,0.9812,-5.2373,6.9738,13.2345,10.3889,9.1876,12.8607,-7.8013,16.7916,14.1928,13.9815,3.6491,4.4305,18.4111,-,28.9865,24.0972,18.9292,16.3772,21.875,25.5064,27.8746,29.6858,29.8742,29.7029,28.8514,29.1231,31.2031,32.8947,34.2654,30.2903,32.5245,30.9851,27.4852,-
0,-27.678,-9.1838,106.5013,-2.1137,12.6436,36.2771,14.6618,-6.9373,-25.4592,3.4062,-3.2408,4.2305,6.5106,14.0116,131.1396,48.2278,72.9895,38.5452,-,-,-,15.4613,10.3389,5.029,8.5568,9.3356,-,4.8914,1.4928,1.5387,1.7779,0.2304,1.4444,3.641,3.8474,4.9257,3.5775,4.0708,-
34.9846,9.9546,16.7888,27.0033,-15.254,-37.1232,-19.232,12.0895,16.1019,17.3597,4.426,11.2631,-1.1741,-1.5155,11.5924,0.3781,-0.177,0.2669,8.3063,-,14.4175,13.5416,10.861,8.9458,-4.2973,-0.6441,10.074,23.6929,21.8747,19.5561,15.4766,13.7012,14.9067,16.0163,14.4318,11.4966,14.1848,13.1386,14.859,-
35.3396,50.5932,48.3716,53.6313,2.683,-3.7672,-1.6092,-0.5486,16.4107,20.2684,24.1652,-0.6816,-19.1797,3.5672,-62.3805,-3.5572,-23.4091,-0.2798,6.2659,-,21.0645,22.4223,22.5723,21.9482,19.8454,21.8283,22.0668,17.6092,15.4163,14.771,19.9811,15.4229,10.2283,9.6098,7.6715,9.435,11.6405,14.2407,16.3293,-
16.1842,-24.9727,8.2976,36.4201,-19.2786,-34.7336,-24.3791,-17.9813,9.315,9.4749,44.8624,-4.5414,-12.6178,5.505,-2.0821,-10.227,0.356,-4.5972,8.3244,-,7.496,8.2835,10.5937,10.44,8.0858,0.1269,6.0417,12.1406,11.2131,10.0879,3.1025,7.0183,2.6211,6.1565,5.1591,-0.4286,3.5111,6.8978,9.2889,-
103.9175,211.84,28.9805,78.1642,108.7103,14.3525,57.8019,33.2357,-4.9442,7.5948,49.8074,27.3634,36.0756,15.9842,23.3851,-2.476,-10.5627,8.2908,22.9714,-,-,21.964,11.0496,11.2615,8.0636,11.4749,10.8019,8.0754,8.4679,4.7231,5.2658,7.1086,6.0121,5.8417,3.3914,-3.3482,1.2805,3.5272,2.3914,-
57.5192,31.5716,43.3973,55.4916,17.7778,-15.1528,-0.1957,16.7761,12.5017,14.8502,22.6021,13.2237,-8.6571,10.8619,7.937,6.5782,5.5274,-3.014,4.2828,-,36.4383,35.2573,31.4877,28.9042,20.2126,27.4544,33.6317,33.9941,34.1195,29.42,28.9645,28.2979,25.0796,27.5974,24.89,27.5547,28.1152,28.1044,27.9184,-
-,0,2595.193,556.3953,31.7031,-38.3841,28.3316,90.4808,54.4856,11.6098,23.1165,25.9613,-7.1791,23.4441,8.6824,-1.8725,6.9569,-0.8996,4.9858,-,-,-,-7.4518,35.0384,23.5498,8.6589,19.302,23.7618,28.6049,20.3348,21.0022,24.5334,19.93,22.9643,18.6121,13.6253,16.9947,17.6568,22.189,-
97.3851,21.1305,23.5359,32.1222,-20.0859,-23.3024,14.6819,31.9503,17.4308,15.4298,18.6024,12.4409,-5.7156,21.3121,17.5894,8.5265,6.9448,5.245,1.0801,-,21.3631,24.3045,31.9411,31.2606,9.5256,5.7472,15.8433,20.8567,21.7042,17.9558,18.8552,18.3203,16.893,21.2787,23.2257,23.9661,24.1667,23.8584,19.6526,-
-,-,-,-,-,-,-,-,-,-,-,-,-,-,-,-,-6.0139,-3.9184,-5.4715,-,-,-,-,-,-,-,-,-,-,-,-,-,-,-,-,15.2648,14.5578,14.4422,14.7216,-
-27.9874,-16.0995,3.2486,30.1434,-32.8198,7.0669,8.0982,33.3816,68.2691,38.6476,27.2482,52.5388,14.4407,52.0219,65.9624,44.5814,9.202,6.9539,27.8563,-,-4.0248,6.3793,7.6785,7.6913,-4.3511,2.8004,2.2232,5.741,12.9638,13.7716,19.2082,23.4616,29.0152,29.7615,32.8908,37.3897,32.623,33.0692,35.2938,-
14.1076,13.6244,24.5046,35.6525,6.699,25.9691,10.7899,26.452,-1.627,6.4555,14.7646,23.1316,12.3908,13.4288,6.7072,21.8796,13.7188,-9.8328,-2.6927,-,17.1907,18.961,26.4524,27.7311,16.0917,21.8876,16.346,20.6747,16.8621,18.643,17.7354,13.2958,16.0634,18.1662,17.6017,22.0991,23.1401,20.6989,23.2922,-
-23.0998,106.626,98.1534,49.9938,55.9871,-23.3878,-2.973,14.5436,-2.6807,356.7382,5.292,16.9776,-8.8712,11.4347,30.0488,36.9543,14.536,14.2699,19.6048,-2.9884,1.8748,3.4364,3.2958,3.5597,3.5662,4.8382,5.8058,4.8547,5.2034,2.0734,2.2891,4.3904,0.9262,1.7195,2.1281,2.3778,2.7376,3.2344,3.0546,2.6778
-,0,45.2726,68.4125,57.317,83.4753,42.6934,34.4228,75.1312,39.2058,28.9529,14.5547,0.446,52.9824,15.1966,13.1119,1.2014,6.6,6.3841,-,-,17.9437,16.3864,13.3613,12.0025,9.8506,8.2447,8.0536,6.7398,7.0691,6.8962,5.2983,5.9783,4.13,3.733,4.5009,4.6208,5.061,5.2497,-
-7.6914,11.149,7.4887,15.3383,-7.4566,25.1227,29.1104,9.3675,8.4988,5.7234,13.7773,13.4994,-3.2206,10.0225,0.9616,-5.4132,-6.696,-0.7516,-7.2667,-,12.8267,12.1159,11.7155,10.9842,7.1905,8.0016,8.9021,8.5438,8.4248,9.9533,11.012,11.9842,13.7911,14.2224,12.8673,11.9511,11.3572,11.7976,11.8059,-
37.6542,27.8652,29.3867,16.2505,10.1934,12.1323,13.4743,14.4406,8.0168,11.2948,15.4464,18.1878,-3.2821,6.9254,11.9374,5.4044,5.5966,11.5402,7.77,-8.8267,45.4758,47.4249,53.1371,52.3697,52.4035,32.4695,36.3127,34.4264,44.624,42.1728,39.8752,42.9377,39.3312,42.5789,42.4602,41.6613,39.61,37.0032,35.8751,32.7168
4.915,-1.2468,-5.2077,0.2843,5.1964,-5.028,2.4765,5.3797,4.571,4.8494,8.2738,9.5515,-10.9237,-10.3179,3.8719,3.7578,-6.4641,6.917,1.1222,2.6534,9.864,9.0223,6.4434,8.9438,10.0727,6.0198,8.8152,8.5546,9.2666,8.9374,7.8504,9.2023,7.8404,8.4731,10.1148,9.2277,9.2914,10.1213,10.5479,11.4046
3.372,4.0237,7.2011,-2.8088,-2.3764,-2.2645,9.7861,8.0353,-5.3577,0.3171,8.0526,4.9045,-7.5963,4.2941,7.0551,-3.7806,-4.3802,-5.6675,-11.9104,-,16.8479,16.517,20.0244,17.6262,18.3129,15.2649,16.5206,16.3044,18.758,19.4896,19.9169,21.7977,24.7154,24.647,24.6558,26.7103,26.1263,26.2649,24.5678,-
-,-,-,-,-,408.5367,233.5397,117.5557,92.4782,72.759,56.4744,31.3487,8.5107,23.9736,29.2759,21.4589,20.5912,18.88,13.6179,-,-,-,-,-,29.0954,49.0204,27.5751,31.3872,39.1148,38.8681,36.4713,37.3095,41.588,40.1657,37.1797,36.4821,34.8385,32.5373,32.5687,-
-,-,-,-,-,-,-,-,0,42.1689,50.9909,42.9076,19.0405,22.4669,11.7125,7.9777,8.55,20.5719,37.0621,-,-,-,-,-,-,-,-,-,-,-,-,18.7378,15.5522,18.1689,10.4688,10.704,13.2329,14.3891,12.8779,-
20.2571,4.7985,11.86,14.7572,-21.31,0.8478,12.6176,13.4965,13.4964,-8.8704,8.3432,-1.9513,-6.5424,24.1865,23.7856,-1.2186,-1.1868,5.999,-0.9218,-,48.181,43.4171,46.8066,45.6235,32.9967,36.1567,43.8771,44.3772,43.3343,31.4255,35.295,37.9928,38.9757,46.3654,43.5952,41.544,39.013,43.2987,41.671,-
37.9099,32.8829,27.3876,9.4286,-17.9984,-10.8297,0.6845,12.5991,13.142,8.8487,11.7662,-1.9544,-14.1048,17.1894,5.0296,4.1251,12.4952,9.2435,-7.4463,-,2.5595,2.5167,1.1326,1.5039,1.0807,1.1825,1.2386,1.3279,1.6165,1.5368,1.4534,1.4477,1.3709,1.5817,1.4342,1.4772,1.5952,1.6422,1.789,-
19.7106,10.7008,5.1671,0.231,4.3638,-8.7056,-7.7771,3.2334,-0.0867,0.6016,6.4437,4.5234,-11.9657,-0.2871,-3.2293,-1.3434,-1.9216,8.6887,-0.194,-0.2928,10.8733,11.3326,10.0178,10.2263,12.7246,7.2804,9.6091,9.2993,8.237,8.8463,9.0364,9.0845,7.8239,7.4672,7.8608,7.0474,6.5704,6.8942,7.7099,6.8308
-,-,-,-,-,-,-,-,-,-,0,-24.3094,4.8291,-1.4032,13.0833,46.8802,7.7797,7.3689,19.0219,-,-,-,-,-,-,-,-,-,-,-,2.8127,3.1019,3.9372,3.5903,1.9794,2.8413,3.0794,4.1268,4.3972,-
34.5946,25.6763,23.564,15.9024,7.1351,-11.7508,-2.047,7.1873,16.1776,21.8747,25.146,24.6388,3.6647,15.3449,32.8187,4.208,0.1589,2.9451,-0.1281,-3.0843,27.0286,24.3539,25.4695,33.9263,37.6151,40.6699,38.8707,40.5277,39.7152,38.018,37.6305,39.2153,41.0889,41.2005,39.9051,42.2402,43.2894,43.676,42.0263,39.8223
-,-,16.2523,2.1176,17.3463,1.1407,2.1057,15.7011,13.7013,7.0712,18.3188,18.7399,-7.7393,-0.1219,18.3589,9.2338,2.514,5.04,3.4848,-,-,23.8085,23.5472,23.8225,17.1136,15.3904,14.9694,14.9529,14.8198,12.8859,15.0462,15.0763,15.7192,14.8184,14.7783,15.0426,16.3137,16.3428,16.5749,-
-,-,-,-,-,0,108.7865,10.7601,45.2059,12.1992,44.5905,5.3125,2.5714,33.9294,-1.3337,-7.6364,-14.106,5.2157,8.7373,-,-,-,-,-,-,7.2761,4.869,3.7594,4.4871,3.528,3.0911,2.758,3.1892,1.9144,2.0159,2.6641,2.2195,2.1617,2.5175,-
-,-,-,-,-,-,-,-,-,-,-,-,-,-,-,-,0,3.5838,-,-,-,-,-,-,-,-,-,-,-,-,-,-,-,-,-,-,1.5187,2.3687,-,-
7.9272,2.363,-10.451,6.5401,7.8308,1.1196,8.7732,8.4357,8.2569,10.7231,7.8086,-8.64,-21.6152,15.5085,-4.0322,-2.1827,7.23,-0.1107,1.959,-,14.9889,14.9513,13.247,14.1153,14.9313,17.4012,19.9503,21.2374,21.5488,23.3192,24.5097,20.7264,17.0708,17.9056,17.974,16.7248,16.4134,16.8212,16.5392,-
3.5106,9.751,15.0342,45.6865,29.238,-30.3868,1.4371,13.221,8.0243,28.7961,10.0146,14.4863,-9.5964,18.0548,38.4873,-3.1163,-0.9671,8.0157,1.5454,-,6.9962,5.4378,5.172,4.5537,5.4669,2.0236,2.3024,3.147,3.4613,3.9496,4.7152,4.4872,3.4098,3.7156,4.1023,4.1197,3.5326,3.6836,3.7675,-
-,0,23.8751,59.5755,2.7989,57.9712,44.4204,29.8299,15.5219,44.0503,30.3014,-3.9182,41.0564,31.3486,-21.8576,-1.3292,1.2917,22.079,0.1897,-,-,12.4668,11.3845,7.8119,6.9859,8.3038,7.4123,5.4376,5.0944,4.8654,4.837,4.6624,4.1963,3.3297,2.7159,2.2475,2.1349,2.0931,2.0343,-
11.4884,15.0201,51.0259,117.8066,-24.2559,28.9282,25.0741,26.7077,3.636,19.073,1.6456,3.2628,-11.2306,41.8593,1.7978,18.6533,17.8154,27.7681,10.5781,-,48.8714,55.0772,60.8458,61.8184,54.0976,57.0237,59.3417,59.3871,60.8769,62.5403,58.5605,54.9983,57.7009,58.3376,57.8114,61.5323,61.1126,64.9683,64.3299,-
48.996,53.44,63.3785,47.3826,20.2211,-15.8128,-8.4813,10.2902,13.667,3.8109,4.6751,9.2471,2.8066,-8.225,6.8781,8.5833,-1.1268,5.7715,3.1643,-4.6651,2.9359,2.82,2.3671,1.9404,2.0887,1.8235,1.7083,1.308,1.4547,1.2575,1.0146,1.1648,1.1212,1.382,1.5609,1.5212,1.27,0.9879,1.2021,1.3682
157.5861,59.6988,17.606,-18.8078,-16.1724,8.7773,31.9725,26.852,16.25,32.6634,17.8713,25.6002,-6.7762,5.7283,36.1955,27.8398,30.0454,6.5189,-4.5532,-,9.533,11.8443,20.4093,33.5416,35.0223,40.789,45.256,46.8647,45.5138,39.6492,36.9293,37.6952,40.3388,40.0018,41.4588,34.8098,35.6752,35.8288,34.2905,-
-,-,-,-,-,52.5388,70.9786,36.5088,21.0309,5.445,35.0874,13.3199,23.2055,27.3176,-4.7832,21.1531,-8.1436,-2.1363,7.289,-,-,-,-,-,17.6339,35.1133,34.1837,35.9243,22.1606,16.5641,30.1132,26.3613,19.8891,17.7838,11.8114,17.3614,17.6906,17.3954,16.3144,-
11.8805,108.7105,195.9199,76.0561,74.0118,8.2177,2.0897,8.2262,8.643,-2.8145,23.3236,46.1684,12.3028,-22.4204,18.4626,3.1656,-19.6761,10.7729,0.1505,-6.6126,6.8874,6.6492,7.4946,6.4691,6.3965,5.6741,4.4806,4.4227,5.0072,4.8009,4.2908,4.0522,3.5698,3.8382,4.1568,3.7921,4.4303,4.0516,4.6249,4.5152
12.5362,-0.9562,-1.7411,8.1834,3.8358,-5.7067,-7.959,4.5108,-2.1421,2.671,-5.6253,-0.763,-8.697,-15.0028,-13.0535,-2.5226,1.145,-0.9277,-3.5358,-3.895,6.8341,7.5196,6.3089,10.8416,8.0469,3.5133,5.3694,5.8945,6.3357,5.3545,5.6483,7.5025,3.9005,5.4665,4.7942,5.1893,6.5781,6.2084,7.2647,6.987
18.8132,7.4796,11.5998,29.5583,-21.3671,-23.3733,17.3117,24.8323,4.8664,21.6129,17.7348,4.8546,-12.3914,27.6528,14.1138,-4.6056,4.6662,6.6084,2.2546,-,6.1988,4.8846,4.7446,7.2329,3.9141,3.4621,3.5566,4.7271,4.8259,4.9292,4.788,4.0299,3.0327,4.5966,4.9368,4.3506,4.2949,4.5507,4.5056,-
59.2188,59.0218,46.9669,62.1538,45.2139,3.1775,-15.1416,19.3854,52.0232,13.2572,-1.5552,15.3472,2.0365,33.3018,20.9542,17.3037,23.8689,11.279,21.7681,-,23.781,25.2649,32.9475,38.8116,39.7739,39.5442,28.1002,27.3308,35.306,26.8577,26.0989,29.6945,25.9122,31.1116,33.6112,40.0762,40.1483,44.1775,46.215,-
11.6364,25.944,60.2953,34.2338,17.4653,13.9617,1.5612,22.7074,10.4736,23.17,23.728,11.8693,11.1428,-11.2277,4.4141,0.4572,2.6787,-1.6424,6.0583,-,28.4287,28.5877,28.3154,29.3917,29.188,27.621,29.9269,29.3357,28.6203,28.1103,26.4253,24.8957,25.6235,28.426,28.2962,28.4659,29.1185,27.536,27.0776,-
-,-,-,-,-,-,-,-,-,-,-,-,-,-,-,0,11.5277,7.9115,13.7016,-,-,-,-,-,-,-,-,-,-,-,-,-,-,-,-,38.7371,39.0076,42.7148,38.2092,-
-,-,-,-,0,436.1215,179.3376,55.5918,24.7357,96.3299,36.44,87.2464,73.8749,57.9268,45.0474,54.0352,37.6885,30.6021,30.3185,-,-,-,-,-,26.0595,56.6495,48.0834,41.7863,33.4979,43.0328,46.4459,48.93,51.1568,52.8281,46.4604,39.5589,34.0321,38.9423,41.7458,-
-,-,-,-,-,-,-,-,-,0,120.5847,109.6778,26.468,27.9176,134.3325,29.2737,38.9339,-10.4482,-21.4514,0.9057,-,-,-,-,-,-,-,-,-,33.0015,34.7266,45.8566,45.9834,47.3579,51.6003,47.3515,41.0926,34.3086,26.5575,22.6729
-,-,-,-,-,-,-,0,16.0371,14.1894,44.8287,48.7079,-17.4804,-44.3222,26.9204,-10.7542,0,12.3298,5.1069,-,-,-,-,-,-,-,-,-,34.7612,36.5172,40.6747,44.0089,35.0967,7.0631,22.1214,21.171,21.7909,20.7576,22.337,-
-,0,50.8634,197.4123,150.6935,120.6135,87.621,28.2274,55.4304,47.4753,22.3713,23.276,1.4223,5.3067,4.4905,3.3051,13.5393,19.104,4.8891,52.2392,-,-,24.8776,40.8077,43.1673,37.5432,44.31,58.5488,55.2297,51.869,54.6654,52.8266,55.4226,55.3729,57.9326,58.3301,58.2349,50.3778,48.8249,30.0461
0,31.7341,39.8895,47.2171,56.0824,37.1997,11.8863,29.0317,17.6966,17.2309,16.576,1.9057,-5.2711,-0.9913,1.0493,-2.6486,15.4253,6.362,7.9093,-,29.4686,18.7951,31.9819,32.5921,42.6909,36.7066,33.6893,43.443,40.3257,38.9497,38.2315,36.9345,37.3912,31.5679,35.0993,31.8673,33.8765,35.8213,31.5564,-
15.407,10.0584,4.3357,-6.1879,2.5598,73.5721,4.3545,2.4353,-1.5332,5.5441,4.3123,2.3109,-14.4893,-10.3787,1.6221,-0.9829,0.8838,10.171,2.1579,-0.0394,19.842,19.4686,18.8864,18.603,17.9975,14.9023,14.2615,13.9291,10.4297,14.3172,15.1866,15.2483,10.2635,13.6,13.2358,11.8764,11.5439,11.5677,11.8473,12.5433
14.3926,1.0934,-0.0103,-4.0117,-3.0632,-0.7629,3.6084,53.9099,24.0611,0.0883,-3.8151,4.2756,-11.5462,-15.1268,-3.2957,-1.295,5.8855,16.073,6.2514,2.8902,8.8681,9.2044,8.054,11.3779,10.3884,10.3469,12.7634,12.1784,11.6923,12.6386,15.2438,17.4716,14.2796,14.2201,13.3109,12.813,11.8712,12.1769,12.3249,11.3793
9.4636,7.0699,-5.2692,1.2363,6.5165,-12.8474,9.4568,-9.579,4.3359,-4.4353,13.4836,9.4693,-8.8537,-0.9757,17.3917,0,-15.0526,0,-1.7074,-,11.3207,12.4718,-,21.2518,24.144,18.5009,23.3866,21.6103,26.1578,26.8388,36.2303,37.8507,35.8965,43.2799,43.4024,33.6562,24.008,15.9067,22.7086,-
11.2919,8.5373,-15.3309,1.0494,15.7602,-16.297,1.5432,16.3174,17.7041,4.2959,14.2622,3.6197,-8.3903,-35.8428,32.1022,3.4576,1.0654,17.1359,10.0621,2.7756,3.9969,4.9739,0.262,-,6.643,1.4162,5.775,7.0159,7.7602,9.6858,10.9851,11.5529,8.2341,0.3867,6.7145,7.323,6.8257,9.6039,10.951,12.4072
-2.1523,4.4209,-11.9575,-0.5042,10.522,-18.3287,-3.1591,11.7411,5.2472,-1.1642,5.6193,0.1266,-24.1771,-18.643,-2.5449,-2.1198,0,5.9865,11.8069,-9.2269,11.793,10.54,1.0053,9.2057,10.4783,3.4414,7.0534,8.435,8.9268,6.4611,4.0177,5.208,2.755,6.5987,4.8177,5.9173,5.7941,8.486,8.679,6.7256
14.6428,12.2414,-2.9321,-0.2642,0.6852,-15.9885,6.0216,8.4195,0.3142,20.875,8.4062,0.4941,-16.0323,11.1985,8.2683,-6.993,4.5522,15.6122,9.9575,6.4379,19.2703,-,18.8208,19.0451,17.6563,7.7246,14.3628,16.3521,16.1814,15.8313,16.8715,16.5225,8.153,14.5301,16.1505,12.1404,11.6943,12.1606,14.1061,15.3297
0,-8.1971,-5.5038,-0.7654,4.4024,-1.9024,-3.9219,-11.9591,11.564,-0.9415,19.0632,7.1224,-17.9537,-16.2263,-9.6938,-10.784,-9.0362,3.4596,-2.7422,6.8718,-,8.1675,6.2625,10.8249,9.3168,8.9205,8.1133,6.2497,7.5874,8.1216,14.9665,15.6028,14.0291,9.7713,3.4297,1.1614,1.6239,4.5475,5.1239,1.4263
18.3182,10.6929,9.7621,-1.3537,4.7762,-5.723,11.3921,2.9676,3.8657,10.2515,-0.2096,-2.1847,-22.1844,-8.415,11.5527,-4.3889,3.784,25.2439,9.3885,3.3961,8.6348,9.9617,12.0664,10.4726,9.8153,8.3997,11.8586,11.1095,11.4265,11.6157,8.6711,8.3416,0.6341,5.3849,8.6407,6.6343,5.2016,7.7526,10.8927,10.7298
8.0498,8.8454,-8.2053,11.8374,12.5286,-11.8499,5.7713,13.1327,4.0624,0.4712,11.4504,0.9328,-13.9249,-15.9157,2.847,2.7786,3.9534,11.6597,4.4609,1.9566,4.0966,3.9789,-,6.1512,8.4739,5.1732,4.8764,8.5626,10.0991,10.4004,10.558,11.4621,6.9908,5.8915,7.6518,8.7722,9.171,10.1541,10.9179,13.2365
10.1674,59.6697,-44.9476,11.8992,74.3697,-65.5553,2.6206,78.2463,37.4364,6.0487,-7.4472,-22.2308,-58.0603,-30.5629,87.1939,41.5661,-5.7747,-15.8199,46.4121,-1.033,28.8973,34.294,26.6069,27.5618,38.9617,-27.1051,-5.9351,24.8642,28.819,28.6438,27.6607,17.2635,-17.081,-13.7623,10.3579,10.6531,6.127,-13.0552,13.1133,10.618
10.4472,1.4755,0.0019,12.0359,58.1358,-19.4918,3.4019,6.641,2.8791,-0.0099,9.4033,0.5093,-12.5423,-4.854,17.9845,-6.0031,7.4889,13.0709,5.4697,-3.073,23.2377,19.4633,15.3084,18.5193,21.8957,13.5377,14.8357,15.5098,13.9366,14.7315,16.9237,18.5569,12.8962,13.6215,18.0105,15.0524,13.4533,13.7555,12.3257,13.0365
18.7418,7.3086,7.7727,36.893,14.2458,-19.9532,1.0949,6.2489,5.4663,8.2917,18.5966,7.7046,-22.1686,5.5205,7.5175,-12.6454,4.9555,7.9412,9.0638,5.8521,11.022,8.5792,7.1009,23.5396,27.5236,17.6105,18.5093,17.9522,11.6756,12.7292,18.2589,18.8216,7.6731,14.3461,13.4885,6.3734,12.9536,15.5127,15.5102,19.4542
10.7184,-0.9652,-33.4365,18.4347,38.8497,-28.2245,-3.6024,14.2888,40.3263,-8.4681,22.2193,-7.1339,-21.7168,-25.0725,55.3372,0,-20.1108,18.094,0.72,9.2701,10.4324,5.8499,-,2.3087,12.1952,2.8808,3.8554,6.1925,10.1247,9.2373,11.7396,7.1178,2.0598,-4.2862,12.8753,6.7295,-0.1061,5.4164,9.2777,11.0087
18.2422,6.6315,1.614,1.4837,6.2954,8.7162,3.9476,2.4095,1.5256,5.6341,8.3639,7.3015,-5.779,-3.628,-3.6946,-1.9502,1.1042,14.0919,1.6507,-1.0267,10.2093,10.8082,9.888,10.425,10.8724,12.1672,12.0921,12.2825,11.5762,12.1866,12.7608,12.5967,8.669,8.2974,8.158,7.6035,8.6954,10.319,10.0182,8.681
2.0836,-1.6688,-6.5118,-4.4798,9.6549,-13.4227,1.9639,12.4935,-4.9043,-5.9753,0.0738,0.1478,-11.8295,-14.9416,12.8561,-1.8171,-2.765,13.9474,5.9555,6.0315,6.4012,-,-,12.4657,12.5826,9.239,11.3992,13.8708,15.0894,14.056,12.1438,13.5818,9.5756,8.7429,11.2656,11.374,10.3635,12.6489,13.2401,13.336
7.7182,5.2682,-31.1172,40.44,64.246,-42.2798,10.2327,14.9971,20.0236,5.9737,26.4647,6.3518,-43.926,-17.6047,59.7382,-5.3283,0,23.0989,0.1558,8.2893,16.3027,16.6704,7.7445,12.5387,19.7221,1.9108,6.1863,9.2779,11.7311,14.3207,19.3405,21.5592,5.9356,4.2327,17.5663,13.5964,8.1077,10.023,17.9639,20.6367
8.7822,10.6242,4.9618,2.1398,10.4359,0.115,3.7585,1.7542,0.8796,6.2198,15.1702,2.8219,6.0207,0.3378,1.6643,7.6779,4.0572,3.2129,12.505,6.8186,-,-,-,25.3272,24.6815,25.57,25.14,24.7822,20.9118,20.8064,21.449,22.6727,22.5127,20.665,19.8426,18.2823,17.3396,14.927,15.2737,15.4094
22.9133,29.0761,26.5442,29.32,16.9185,31.5481,12.4465,7.788,-4.6527,0.5546,6.9208,6.1092,4.159,-15.375,-1.5854,3.0117,-14.9622,-3.7169,0.2582,14.5514,10.3305,12.0838,17.5674,22.9963,25.0861,14.8714,14.8657,18.0098,13.8735,12.1955,13.0755,14.1589,15.6509,11.378,12.192,18.4743,14.3312,10.3812,13.3472,21.5148
15.934,-1.8756,13.4828,24.7129,-2.8948,-5.2803,11.1574,28.7184,17.9853,30.9704,22.6218,13.3636,-17.7111,28.9948,10.9541,4.4451,-7.9125,2.2643,15.6362,-,32.4071,24.5706,33.2105,36.1232,36.3631,32.1711,33.0501,40.4217,41.2551,34.1461,37.1642,37.1685,34.4279,34.4494,34.8004,33.541,18.9988,17.9924,25.9435,-
4.1638,-1.0393,17.8622,77.7154,-11.6635,-25.0079,19.898,28.6494,-18.9461,5.4009,7.9828,6.3056,-21.9915,37.0535,8.3945,-9.7611,-2.4973,8.7741,19.9079,-,27.0814,23.5016,26.9347,35.839,29.6314,24.5113,26.9396,32.3469,31.1787,32.9837,29.6536,30.2596,23.7401,37.5689,39.8442,34.8856,34.1588,35.574,37.4101,-
17.5755,17.4679,12.4683,11.3407,11.1084,2.1975,2.0378,1.8525,-15.772,11.4869,14.1084,11.9705,1.1988,1.0103,10.1403,7.7534,-10.8859,8.3075,6.9633,-,23.3596,23.5622,25.4427,24.3222,25.8811,27.8699,25.0846,22.7669,23.3718,22.5905,23.0166,23.3085,24.1344,23.296,21.6068,21.3101,20.3209,20.3561,20.8547,-
12.0655,28.4099,16.2808,-5.1219,10.4089,1.1926,-12.9338,15.3531,30.1912,24.0778,19.6851,18.0508,6.5979,-25.9805,13.8939,13.5157,4.3599,-1.6565,10.4797,-0.3225,20.0984,24.4222,25.0559,13.591,22.1743,20.5501,12.0848,16.5195,25.0464,28.0575,21.9154,23.5922,22.9915,14.3724,19.8585,21.2041,20.6556,18.7563,10.7356,5.8743
-,-,0,2152.0321,81.8216,-11.1743,11.2315,30.2345,34.807,51.4126,48.4598,24.2797,8.7048,19.053,13.1842,18.5931,14.8459,24.4595,11.8935,-,-,-,-,-207.7802,-80.2247,-31.3038,18.6761,32.2724,34.4481,27.0582,32.5963,37.8864,37.9318,36.1087,37.4583,35.4512,35.4237,34.8398,31.5126,-
-1.702,6.2769,17.6971,87.6735,-23.2233,-31.0617,-11.5564,78.971,-12.7446,31.1104,6.1944,-16.4935,-38.3215,90.4467,10.1371,-17.0962,-13.8778,20.815,6.4704,-,24.2043,22.7761,24.9635,32.9243,20.9482,13.4911,9.819,28.9413,25.0063,27.4587,28.0143,20.8333,1.057,23.8244,24.7789,17.3873,15.8876,20.6238,20.9545,-
-,-,-,-,-,-,-,-,-,30.4584,32.5147,124.3143,41.4077,3.9261,6.926,2.124,-5.622,-3.8185,5.8076,-,-,-,-,-,-,-,-,-,11.2187,16.11,20.6078,10.3436,17.5975,22.3971,31.8401,32.3517,34.017,29.1742,30.4245,-
-,-,-,-,-,-,-,-,-,7.3049,0.9253,11.2639,-12.6546,41.0377,11.6101,1.1986,6.5989,69.4047,59.85,-,-,-,-,-,-,-,-,-,6.8085,7.9312,18.402,19.482,20.2156,30.0525,31.8921,31.472,30.3571,35.3478,41.6471,-
15.2639,4.1089,10.9367,30.6043,-31.2439,-31.1218,5.9251,8.9957,7.533,5.2749,4.5334,8.4707,-3.25,2.1507,4.7788,7.9024,-5.7544,-2.0427,-3.3999,-5.5608,50.4702,55.8963,27.5825,50,18.8066,-16.4587,1.1449,25.4801,27.1839,22.2693,14.2023,26.584,32.8419,34.3742,32.6936,32.5591,33.5701,32.1622,32.0506,31.2049
105.6515,136.8493,51.6977,54.1336,29.7356,28.8607,60.7391,59.322,50.9921,60.7833,49.9421,31.8755,16.4172,40.0689,33.2891,20.0177,20.3734,16.0518,20.9818,-,14.0923,19.0082,22.1384,22.3562,23.6176,23.1528,22.8791,22.852,22.4666,20.5794,20.3898,21.0015,21.5899,21.1659,20.5948,20.6641,21.0082,20.3942,19.9097,-
178.3322,100.6213,62.1989,16.6534,25.7591,-10.8482,11.5986,25.9132,22.6085,24.8257,22.7116,13.7514,1.941,16.1437,17.6954,17.2104,12.8497,7.6898,4.2234,-,48.7279,47.8985,49.9316,36.4662,36.428,29.6139,32.062,28.556,28.7249,23.62,21.3661,18.6216,21.2954,24.6361,26.117,23.4192,22.2111,21.4496,25.9243,-
14.5971,35.0392,34.4402,16.2168,-6.883,30.4325,43.9111,19.1377,5.8167,-5.6888,4.7441,18.57,14.9249,-13.2479,-1.7789,15.436,-8.3515,-5.8468,26.2937,-2.6357,12.7416,13.4948,15.538,14.5808,3.8572,15.4604,25.3424,29.1849,24.2569,15.3846,6.5998,-1.6371,-3.7274,-9.6332,0.3343,6.9756,8.5593,6.4335,25.2491,24.454
11020.9677,108.1919,160.9156,91.9794,73.5696,62.1348,78.3292,51.093,39.1614,31.1339,28.5202,11.3255,2.1788,4.9114,27.2608,20.7689,-41.3232,6.4551,-2.2526,-,27.8027,20.0757,9.6687,17.2901,30.3232,35.4808,36.4068,40.1347,39.976,32.958,33.9628,33.3043,30.3539,30.9851,28.4328,29.0505,37.7134,35.9271,34.2877,-
-,-,-,-,-,-,-,-,-,-,-,-,-,154.054,87.9939,37.1328,54.6865,58.3587,43.8151,-,-,-,-,-,-,-,-,-,-,-,-,-,43.758,59.3211,56.0226,23.3248,49.9491,49.7593,45.956,-
6578.3318,2034.9344,469.1347,290.4582,-1.1764,0.8373,7.0465,47.7112,64.3846,40.0266,33.4014,23.6853,0.4469,35.0482,30.5975,19.5699,7.5561,16.9263,10.8413,-,-,-68.4188,-15.4716,13.9785,-20.8565,-0.6049,6.4886,17.817,27.0619,25.7457,24.5621,18.7497,23.3754,28.2588,31.988,33.1198,31.5276,30.7023,30.9862,-
10.8002,26.604,14.0941,37.0628,12.3604,10.2279,22.4314,27.4966,-13.1041,9.3489,3.7528,24.7484,-11.1184,1.3735,3.7744,3.4273,8.5211,5.2347,3.711,-,23.497,23.1901,24.1127,22.7163,21.7419,23.8006,23.5067,22.6536,22.925,21.4446,22.9534,25.5504,29.2126,30.1475,28.7013,29.1027,28.8741,29.6683,30.51,-
119.5404,22.2998,0.7345,4.3689,15.0335,21.7877,19.4955,54.7062,5.3682,13.0641,35.5473,38.1804,6.5101,21.0402,11.2086,-8.9831,6.4762,2.291,1.7256,-,2.3679,10.3489,-1.0181,10.2995,21.1015,21.7297,24.3888,25.6628,27.831,27.3923,28.5886,30.6241,33.9741,30.6249,28.3015,25.9752,22.1241,21.7856,22.9058,-
-,-,-,-,-,-,-,321.2461,255.4429,180.8272,273.3874,147.2937,65.7865,24.069,7.9067,21.7748,-1.7494,2.4646,5.5381,-,-,-,-,-,-,-,-,-109.7248,-2.9419,9.6463,32.0773,39.9467,39.2722,35.377,22.4241,20.6099,20.8988,19.6785,21.6398,-
11.1986,15.0865,36.4369,10.3052,5.6599,19.722,21.7068,12.8455,10.5912,15.0472,16.5693,11.9737,3.8757,9.4564,1.3517,10.4088,3.6239,7.5266,-1.202,-,13.3559,13.8864,18.2313,19.2079,12.5273,25.1282,28.8182,29.7602,33.2943,30.1931,29.7835,28.7671,28.916,32.8239,38.0979,36.7647,36.1632,34.8574,25.9303,-
-5.7258,13.0352,-27.7062,77.7568,40.3616,-22.1735,-19.1924,13.1642,39.0497,-0.5405,31.9034,-7.6711,-39.7151,19.7698,74.3869,-0.1016,-10.3774,3.0472,-3.938,-,24.4929,19.3789,9.557,24.7022,24.3428,19.2076,15.1746,21.764,29.5537,18.3145,29.6085,29.2647,0.7729,22.884,39.2538,34.9456,28.7471,29.154,27.6354,-
0.3917,27.8306,4.5111,39.325,37.7817,-47.33,18.406,33.0888,30.0283,4.1233,-0.9057,8.5012,-17.5854,20.8043,26.8356,-14.646,1.2328,8.2785,6.2484,-,52.9614,55.2123,55.2427,56.5723,59.8455,52.9708,56.1208,60.137,60.824,56.1056,53.0926,52.4871,47.9056,52.0432,55.4425,50.3678,49.0174,49.7689,49.9476,-
-19.4728,-1.9206,-38.4417,89.9463,23.483,-37.9445,-19.9213,23.9279,60.5277,9.2993,56.2916,-3.5715,-54.9097,91.2078,51.7353,-17.6824,35.034,28.0193,14.1514,-,0.367,8.7293,-0.6026,20.2821,17.7674,3.9265,6.396,15.0752,28.4774,25.988,31.8228,23.6446,-3.801,24.4431,27.5079,12.6654,11.7309,21.3774,21.7785,-
16.9171,18.7409,16.0821,20.0398,29.4148,-20.1859,14.0406,7.337,21.1188,9.5588,12.0464,-0.3784,-12.7871,4.9188,56.923,-6.995,14.3471,22.1034,11.1752,1.2248,35.5282,36.5873,37.3486,38.9653,42.4496,40.5266,43.9001,45.3681,47.2542,47.1009,44.6277,41.3718,37.1758,35.4799,39.1781,35.9156,29.6167,33.7107,34.0542,31.4895
-3.5744,-14.1321,-14.8812,147.0739,-38.1382,-34.2209,19.4013,42.4643,10.8083,8.0327,7.8907,2.6898,-17.771,76.5979,3.6076,-6.3041,10.1894,80.2931,-1.0148,-,24.2109,3.8078,31.9249,52.653,4.1286,6.9293,5.978,33.0835,30.0819,26.5743,25.123,16.367,13.5332,41.535,31.5657,18.9579,24.8429,34.3929,34.8999,-
100.1479,78.0324,74.1783,100.1589,73.6899,-20.654,11.7363,31.1906,36.5562,29.3045,35.7048,17.7912,7.0204,11.2104,30.2996,21.6803,1.5914,-0.1169,-3.1937,-9.4235,22.2515,22.993,21.6311,20.6682,17.7506,9.5762,16.3971,19.1558,19.932,19.1134,13.7882,13.9894,9.9742,14.3256,18.471,15.0773,12.9729,17.3754,15.6785,11.3775
643.1237,0,-1.0846,136.6734,96.3295,86.2556,39.4295,-4.5303,10.2629,18.1914,29.174,33.5342,-16.4233,-2.8736,6.5193,12.8304,7.0593,-3.5083,13.3656,7.0055,-7.2099,12.8872,5.3855,18.0566,19.5656,21.8288,10.5895,7.4183,9.8392,18.8913,18.2813,23.6596,4.1234,7.1535,11.2447,21.3236,20.5033,17.7966,20.9098,22.8542
29.7039,-32.8019,20.9826,21.9025,19.4663,9.7778,15.0976,17.7665,11.6503,15.8775,12.6817,9.5051,0.7974,-3.9371,4.1733,6.9807,4.3232,8.2838,8.7617,7.7493,15.238,31.0842,35.1013,38.8392,41.7472,41.1769,40.4355,37.7914,41.2263,42.7618,41.0694,43.9854,42.7789,40.5487,41.9853,42.6809,43.1175,43.1815,42.3492,42.7419
-,-,-,0,624.9723,-,-,-,-,-,-,-,-,-,-,0,18.8096,19.2953,15.2398,-,-,-,-,-,-38.3016,-,-,-,-,-,-,-,-,-,-,21.0173,21.5103,20.623,21.0964,-
202.7009,57.4543,237.0496,89.0456,16.0589,10.1215,37.5055,28.2699,-2.6368,21.4509,32.8943,-6.5792,-7.2955,10.365,7.4983,-17.1527,10.6495,19.0929,49.0088,52.5878,7.4612,-1.0363,18.8312,30.6419,23.1494,7.6702,14.7207,18.5449,8.4516,11.1104,15.1428,6.3523,7.4334,20.601,21.0855,11.4284,7.3205,11.91,27.7601,27.7594
-,-,-9.3709,-1.7314,-1.7619,2.0281,6.5549,-4.0395,21.3528,21.8853,23.3977,11.8661,-22.8439,16.2162,-3.721,36.168,-3.9361,-4.3691,0.1092,-,-,7.5964,16.0194,12.4485,-2.0784,11.927,16.8362,14.7332,15.7023,16.185,14.1725,18.1617,8.1183,23.1943,14.3833,26.4274,20.6396,19.4185,16.828,-
-,-,-,74.8566,-31.1734,75.7601,34.9564,26.9078,1.0647,-2.3501,-4.1365,15.9452,-6.679,33.5509,32.3787,10.5504,14.2419,27.8738,42.195,-,-,-,14.1787,6.849,-59.3831,-1.9496,6.8439,12.6131,11.3285,7.6754,14.2363,16.579,17.6523,23.456,26.3725,23.3392,25.385,30.3512,37.5122,-
1.6839,17.6642,11.1997,25.8335,14.4596,25.5266,31.3138,32.9211,38.1107,60.4194,25.4857,12.9753,4.6986,-2.683,3.4252,8.7237,2.6151,-39.4295,-5.4268,-8.999,13.1105,15.3152,17.3228,26.8265,30.0396,28.1165,31.7625,34.8611,37.0453,29.9736,26.9679,27.1535,31.3333,29.9081,26.7689,27.0282,26.3683,18.1209,16.911,24.7777
0.3219,-11.0009,9.9605,21.6825,-30.939,2.2192,17.3088,17.47,6.778,15.5654,-2.9464,-9.6423,-16.5907,33.9407,-1.6541,-6.6255,-4.8344,6.8824,-0.345,-,18.2811,19.2,30.1772,32.5221,19.5829,24.0367,26.7846,30.1073,32.1037,31.4486,33.3863,29.9976,29.999,38.071,32.3116,28.4834,31.7001,38.8961,40.7692,-
884.9557,191.4794,117.7652,460.024,107.1681,24.2082,-16.725,10.1489,43.1897,-38.7544,-13.4549,-34.2869,10.2078,10.4929,13.4297,13.1628,10.4734,4.6659,4.8755,-,-124.8876,-40.1849,2.47,14.8485,21.2176,23.5036,27.8353,23.5668,26.9702,17.062,16.4996,37.7751,42.4167,46.5485,51.8935,58.6253,61.019,62.1825,63.0034,-
45.8128,-15.2311,-21.864,-29.2717,-0.1942,10.1259,26.3713,12.0728,19.4407,19.291,25.9617,47.6591,-7.6914,32.1615,-3.2894,30.9888,23.0245,-1.4397,-3.6881,-,8.7384,-5.3444,-9.5593,-7.9172,1.5562,4.4858,9.4243,9.1738,9.4806,12.117,11.4301,18.1818,14.8396,20.934,14.7806,23.1607,21.6142,20.6014,19.757,-
1.309,7.9997,7.8863,54.2325,62.5239,-38.7969,13.8244,20.9233,12.5469,9.7262,6.748,-0.0742,-0.8792,0.4585,29.2269,-5.4321,-3.217,9.8623,-0.2178,-6.8759,33.8045,33.6667,32.8839,36.0081,33.4772,8.5944,24.465,29.4598,28.114,28.3432,23.0195,26.9291,28.6467,28.7624,36.4911,32.0827,30.1704,34.9883,35.9427,33.3496
291.382,191.449,141.4152,87.5978,-35.3778,32.846,70.5123,119.9571,47.0875,22.2153,8.4597,3.4326,-10.3793,-2.1,-21.1941,0.0474,-6.1403,-1.33,7.5824,-,-22.7956,9.3847,30.2807,35.1031,4.8125,20.7306,28.0201,27.9652,28.2799,22.83,18.7481,18.2615,17.4054,22.2145,27.2661,26.3736,22.0345,14.7782,6.6557,-
-,0,28.5105,16.3121,14.085,11.836,20.9462,20.1514,23.4603,6.3198,18.8791,3.2155,-3.0077,42.1047,13.6799,14.7513,18.6102,22.7798,21.4372,-,14.7031,13.8298,13.7639,14.4514,16.1292,16.2914,19.6217,20.955,20.356,29.5247,30.6983,29.3299,24.7972,26.6977,24.7801,27.2766,26.7811,25.2812,23.4273,-
13.9299,3.9044,9.9824,34.5436,-18.8226,-3.7843,16.7139,23.4724,18.1451,36.683,15.3599,13.5189,-12.8661,26.029,10.8518,8.9424,7.5161,15.8363,4.1754,-,21.1672,20.1312,19.8666,21.127,22.0773,19.6583,19.4777,20.6131,21.8438,20.9782,22.2797,22.3558,20.8306,22.5993,22.2545,22.1826,22.5215,22.763,23.0215,-
-,-,-,-,-,312.3091,127.5469,88.3136,83.6799,75.6807,60.4281,50.6141,43.8184,21.25,26.9271,36.7742,34.575,33.4669,31.9966,24.0738,-,-,-,-,-,-86.8624,-15.7321,2.6941,5.4809,8.1976,1.6306,5.5867,8.6474,12.1439,8.6439,1.9545,0.1306,-1.4873,3.1368,6.9857
-,-,-,-,-,-,-,-,-,-,-,-,-,-,-,-,-,-12.2563,-0.8017,4.4401,-,-,-,-,-,-,-,-,-,-,-,-,-,-,-,-,12.8113,12.4096,14.3739,11.4756
-,-,-,-,-,48.3332,195.4423,27.3415,15.2986,-10.1078,19.7144,16.1291,10.4658,38.6543,9.3283,3.0254,4.6171,5.7789,2.8282,-,-,-,-,-,15.405,17.9317,24.3165,19.8551,22.5554,15.9073,16.0254,17.6484,17.5554,24.4169,25.0622,24.7455,25.6506,25.5262,25.5519,-
26.7347,-0.0827,22.6046,45.9607,-12.6157,-47.6766,-2.3389,24.7249,18.8116,12.9941,13.2586,1.5017,-9.2973,22.9286,18.9686,1.5462,-2.4089,24.2486,-6.2172,-,27.7176,24.6735,24.0877,26.604,12.0555,0.6637,12.4919,23.1447,28.041,28.7785,31.8941,32.1823,26.5987,34.3335,35.4245,29.2685,31.449,31.2609,27.3186,-
-,-,13.2067,3.0243,3.8708,31.0397,11.5071,21.9413,24.6315,15.7745,16.9006,6.5081,29.338,12.3204,13.2321,18.499,7.8079,7.5049,8.5928,-,-,26.2153,29.2766,23.7153,22.5609,24.1952,24.5275,25.1206,26.6638,27.0528,24.6383,25.0373,24.5389,23.8632,22.3051,22.274,21.2875,20.3805,21.4189,-
-46.1892,-1.2214,-9.4192,3.665,8.1719,-6.102,12.2453,22.2265,19.1376,15.8035,7.5716,22.9594,8.8966,-5.5945,14.6751,0.6071,-6.2243,-1.9562,1.4166,-,7.7388,7.1332,8.2821,5.9975,8.5468,9.1513,9.5797,10.9862,13.3939,14.6828,18.6762,18.3416,19.3506,23.1026,22.6708,22.3928,22.007,21.6081,21.6801,-
-,-,-,-,11.4794,17.4065,17.9214,16.2484,13.2762,13.2231,22.2943,22.7259,2.1434,8.6291,21.2132,10.0834,12.4611,13.5827,2.3938,-,-,-,-,17.0212,18.1567,12.6266,12.7538,19.2443,19.759,23.1393,30.464,41.9871,47.1857,52.5546,54.7661,56.6499,58.4215,58.4048,57.7635,-
6.5098,5.1889,5.536,12.913,-18.3688,-23.1713,-1.14,28.1062,19.0371,21.3452,-14.5285,-77.773,-14.6561,9.6444,-24.6686,9.254,-0.67,-5.5565,-3.1628,-,15.4494,9.8755,11.4648,14.5182,5.6517,8.5304,8.9527,12.3082,13.3418,10.7732,3.6753,16.2039,14.481,14.0475,14.9878,17.3552,19.1263,19.4524,21.5803,-
-,769.8544,180.1203,-14.2647,50.0689,-2.5806,13.5491,38.1744,57.5041,41.6682,43.9384,30.5503,24.7709,14.6595,21.5227,24.6158,17.2723,15.4873,16.6083,14.6824,3.5668,-8.9675,-6.0676,-43.6034,-37.9382,-23.823,-10.3229,7.8701,19.2689,26.4132,19.0058,19.7649,18.8224,20.71,21.2996,22.2208,20.1698,20.1265,18.4553,17.9334
-,-,-,-,-,-,-,-,-,-,10.0193,3.5252,-3.008,13.2826,22.0041,12.8281,1.0131,1.4858,-7.3939,-,-,-,-,-,-,-,-,15.7894,20.518,20.6851,20.2702,20.4313,21.299,22.7272,21.7612,24.6904,23.1426,21.9985,14.9011,-
-,-,-,-,-,-,-,-,3.0092,3.3062,6.46,14.3073,-28.644,13.8943,17.9522,-3.6,-14.2449,5.1185,2.1715,-,-,-,-,-,-,-,-,18.9026,19.12,18.7452,17.3294,17.7763,10.7741,17.9864,17.4626,17.1811,18.964,20.1286,21.3357,-
15.9959,9.5974,34.7637,58.2792,5.5883,7.0391,10.2952,12.6764,35.0396,11.4939,-6.9787,2.9525,-1.9896,2.3901,5.3208,-0.8519,15.0955,18.5327,13.5954,-,24.6391,26.2099,25.9352,19.7737,21.9957,18.8964,27.4326,21.7994,23.0603,24.3911,25.3158,26.0471,24.1908,21.8371,21.3714,23.7001,24.1563,23.1782,23.9839,-
-,-,-,-,-,-,-,23.7803,9.6835,10.6355,21.7774,74.4568,10.3464,16.698,13.9243,13.4196,13.0217,7.8451,9.2741,-,-,-,-,-,-,-,27.3067,43.8313,47.7542,31.6146,37.0473,44.8826,52.7854,58.0533,61.4823,61.7982,63.3893,66.0289,67.1541,-
-,-,-,-,-,-,-,12.565,12.4112,12.094,9.6192,7.7915,-3.7562,2.1461,5.7523,3.1576,-2.1678,1.1764,-2.2026,-,-,-,-,-,-,-,34.3127,33.5804,33.8198,31.6518,29.5069,29.9488,28.2654,29.5703,29.6682,29.1237,26.0988,25.7294,25.3606,-
4.4078,7.9861,-3.0522,-1.2846,-9.2956,-6.8145,-0.9339,0.1337,-0.1336,1.2355,8.3862,2.2057,-13.7949,42.5192,1.2342,-6.7535,-2.0323,-2.3294,-7.651,-,16.4131,15.5974,15.2513,8.8048,11.3417,13.5844,13.2475,12.5556,12.4004,13.0921,13.3735,11.3357,10.6462,11.4223,13.4018,13.3,12.6162,13.4595,10.0692,-